生态巢蜜(2盒装（220g/盒） - 87.0)[],稻壳抗菌防霉砧板(中号+小号 - 329.0)[],416.0
红心火龙果(5斤装 - 99.9)[],法国琥珀锅(3.5L - 319.0)[生活],418.9
红心火龙果(5斤装 - 99.9)[],稻壳抗菌防霉砧板(中号+小号 - 329.0)[],428.9
每日坚果(30袋月套餐 - 128.0)[],多效过滤净水壶(1壶4芯 - 288.0)[],416.0
每日坚果(30袋月套餐 - 128.0)[],进口不粘锅(炒锅 32cm - 299.0)[],427.0
每日坚果(30袋月套餐 - 128.0)[],优选纯手工蛋糕(松露轻乳芝士2磅 - 288.0)[],416.0
每日坚果(30袋月套餐 - 128.0)[],优选纯手工蛋糕(百利甜情人2磅 - 288.0)[],416.0
每日坚果(30袋月套餐 - 128.0)[],优选纯手工蛋糕(优山美地2磅 - 288.0)[],416.0
五彩野鸡蛋(30枚装（约25g/枚） - 66.6)[],阳澄湖大闸蟹礼券(888型(公4.0两 母2.5两) - 358.0)[],424.6
福建肉燕(6袋装 - 108.0)[],法国琥珀锅(3.5L - 319.0)[生活],427.0
福建肉燕(6袋装 - 108.0)[],稻壳抗菌防霉砧板(中号+小号 - 329.0)[],437.0
舟山带鱼(2袋装（500g/袋） - 79.9)[],阳澄湖大闸蟹礼券(888型(公4.0两 母2.5两) - 358.0)[],437.9
手工清真牛肉酱(2瓶装 - 59.9)[],阳澄湖大闸蟹礼券(888型(公4.0两 母2.5两) - 358.0)[],417.9
沁州黄小米(5袋装(500g/袋) - 79.9)[],阳澄湖大闸蟹礼券(888型(公4.0两 母2.5两) - 358.0)[],437.9
柳州螺蛳粉(5盒装（280g/盒） - 69.0)[],阳澄湖大闸蟹礼券(888型(公4.0两 母2.5两) - 358.0)[],427.0
藜麦(3袋装(360g/袋) - 80.0)[],阳澄湖大闸蟹礼券(888型(公4.0两 母2.5两) - 358.0)[],438.0
瑶鸡(大号1只装(净重2.5斤) - 115.0)[],法国琥珀锅(3.5L - 319.0)[生活],434.0
瑶鸡(大号1只装(净重2.5斤) - 115.0)[],稻壳抗菌防霉砧板(中号+小号 - 329.0)[],444.0
瑶鸡(中号1只装(净重1.8-2斤) - 99.0)[],法国琥珀锅(3.5L - 319.0)[生活],418.0
瑶鸡(中号1只装(净重1.8-2斤) - 99.0)[],稻壳抗菌防霉砧板(中号+小号 - 329.0)[],428.0
椴树蜂蜜(1瓶装(350g) - 89.0)[椴树蜜福利],稻壳抗菌防霉砧板(中号+小号 - 329.0)[],418.0
椴树蜂蜜(1瓶礼盒装 - 89.0)[椴树蜜福利],稻壳抗菌防霉砧板(中号+小号 - 329.0)[],418.0
冰鲜多宝鱼(1条(约600g) - 77.0)[],阳澄湖大闸蟹礼券(888型(公4.0两 母2.5两) - 358.0)[],435.0
安格斯牛肉(牛腩切条500g - 79.8)[],阳澄湖大闸蟹礼券(888型(公4.0两 母2.5两) - 358.0)[],437.8
安格斯牛肉(牛腱子500g - 93.8)[],稻壳抗菌防霉砧板(中号+小号 - 329.0)[],422.8
安格斯牛仔骨(500g(约4-5片) - 89.9)[],稻壳抗菌防霉砧板(中号+小号 - 329.0)[],418.9
北极甜虾(1Kg - 99.9)[],法国琥珀锅(3.5L - 319.0)[生活],418.9
北极甜虾(1Kg - 99.9)[],稻壳抗菌防霉砧板(中号+小号 - 329.0)[],428.9
法国猪肋排(4袋装(500g/袋) - 129.0)[],多效过滤净水壶(1壶4芯 - 288.0)[],417.0
法国猪肋排(4袋装(500g/袋) - 129.0)[],进口不粘锅(炒锅 32cm - 299.0)[],428.0
法国猪肋排(4袋装(500g/袋) - 129.0)[],优选纯手工蛋糕(松露轻乳芝士2磅 - 288.0)[],417.0
法国猪肋排(4袋装(500g/袋) - 129.0)[],优选纯手工蛋糕(百利甜情人2磅 - 288.0)[],417.0
法国猪肋排(4袋装(500g/袋) - 129.0)[],优选纯手工蛋糕(优山美地2磅 - 288.0)[],417.0
法国猪肋排(2袋装(500g/袋) - 74.8)[],阳澄湖大闸蟹礼券(888型(公4.0两 母2.5两) - 358.0)[],432.8
厄瓜多尔白虾(1盒装(2Kg/盒) - 199.0)[],巨无霸金奇异果(整件25粒装(130~140g/粒) - 225.8)[],424.8
厄瓜多尔白虾(1盒装(2Kg/盒) - 199.0)[],稻壳抗菌防霉砧板(中号(27.7*39.7cm) - 219.0)[],418.0
厄瓜多尔白虾(1盒装(2Kg/盒) - 199.0)[],台湾白因子消毒喷雾(500ml*1瓶 - 242.0)[生活],441.0
厄瓜多尔白虾(1盒装(2Kg/盒) - 199.0)[],日本雪平锅(22cm - 229.0)[],428.0
风味腊肠(怪味腊肠 - 99.8)[],法国琥珀锅(3.5L - 319.0)[生活],418.8
风味腊肠(怪味腊肠 - 99.8)[],稻壳抗菌防霉砧板(中号+小号 - 329.0)[],428.8
风味腊肠(广式腊肠 - 99.8)[],法国琥珀锅(3.5L - 319.0)[生活],418.8
风味腊肠(广式腊肠 - 99.8)[],稻壳抗菌防霉砧板(中号+小号 - 329.0)[],428.8
重庆小面(6袋装(240g/袋) - 85.0)[],阳澄湖大闸蟹礼券(888型(公4.0两 母2.5两) - 358.0)[],443.0
巨无霸金奇异果(整件25粒装(130~140g/粒) - 225.8)[],多功能清洁膏(清洁膏+护理膏套装 - 209.9)[],435.7
巨无霸金奇异果(整件25粒装(130~140g/粒) - 225.8)[],德国皮具护理膏(清洁膏+护理膏套装 - 209.9)[],435.7
巨无霸金奇异果(整件25粒装(130~140g/粒) - 225.8)[],稻壳抗菌防霉砧板(中号(27.7*39.7cm) - 219.0)[],444.8
巨无霸金奇异果(整件25粒装(130~140g/粒) - 225.8)[],日本雪平锅(20cm - 199.0)[],424.8
巨无霸金奇异果(整件25粒装(130~140g/粒) - 225.8)[],优选纯手工蛋糕(松露轻乳芝士1磅 - 196.0)[],421.8
巨无霸金奇异果(整件25粒装(130~140g/粒) - 225.8)[],优选纯手工蛋糕(百利甜情人1磅 - 196.0)[],421.8
巨无霸金奇异果(整件25粒装(130~140g/粒) - 225.8)[],优选纯手工蛋糕(优山美地1磅 - 196.0)[],421.8
巨无霸金奇异果(12粒装(130~140g/粒) - 118.8)[],法国琥珀锅(3.5L - 319.0)[生活],437.8
巨无霸金奇异果(12粒装(130~140g/粒) - 118.8)[],进口不粘锅(炒锅 32cm - 299.0)[],417.8
珍珠小笼包(经典原味(45个) - 85.8)[],阳澄湖大闸蟹礼券(888型(公4.0两 母2.5两) - 358.0)[],443.8
珍珠小笼包(果蔬味(40个) - 99.8)[],法国琥珀锅(3.5L - 319.0)[生活],418.8
珍珠小笼包(果蔬味(40个) - 99.8)[],稻壳抗菌防霉砧板(中号+小号 - 329.0)[],428.8
便携榨汁神器(1机身+2杯 - 279.9)[生活],原香花生油(2瓶装(750ml/瓶) - 139.0)[],418.9
便携榨汁神器(1机身+2杯 - 279.9)[生活],山核桃仁(2盒装(218g/盒) - 149.0)[],428.9
便携榨汁神器(1机身+2杯 - 279.9)[生活],台湾白因子消毒喷雾(25ml*6瓶 - 155.0)[生活],434.9
便携榨汁神器(1机身+2杯 - 279.9)[生活],日本焖烧壶(银白色 - 149.0)[],428.9
便携榨汁神器(1机身+2杯 - 279.9)[生活],日本焖烧壶(桃粉色 - 149.0)[],428.9
便携榨汁神器(1机身+2杯 - 279.9)[生活],日本焖烧壶(雅红色 - 149.0)[],428.9
便携榨汁神器(1机身+2杯 - 279.9)[生活],日本不锈钢保温杯(墨蓝色 - 149.0)[生活],428.9
便携榨汁神器(1机身+2杯 - 279.9)[生活],日本不锈钢保温杯(蒂凡尼蓝 - 149.0)[生活],428.9
便携榨汁神器(1机身+2杯 - 279.9)[生活],日本不锈钢保温杯(芭比粉 - 149.0)[生活],428.9
便携榨汁神器(1机身+2杯 - 279.9)[生活],日本不锈钢保温杯(芒果黄 - 149.0)[生活],428.9
便携榨汁神器(1机身+2杯 - 279.9)[生活],日本不锈钢保温杯(探戈红 - 149.0)[生活],428.9
便携榨汁神器(1机身+2杯 - 279.9)[生活],阳澄湖大闸蟹礼券(388型(公3.0两 母2.0两) - 149.0)[],428.9
多功能清洁膏(清洁膏1盒装(300g/盒) - 109.9)[],法国琥珀锅(3.5L - 319.0)[生活],428.9
多功能清洁膏(清洁膏1盒装(300g/盒) - 109.9)[],稻壳抗菌防霉砧板(中号+小号 - 329.0)[],438.9
多功能清洁膏(清洁膏+护理膏套装 - 209.9)[],德国皮具护理膏(清洁膏+护理膏套装 - 209.9)[],419.8
多功能清洁膏(清洁膏+护理膏套装 - 209.9)[],稻壳抗菌防霉砧板(中号(27.7*39.7cm) - 219.0)[],428.9
多功能清洁膏(清洁膏+护理膏套装 - 209.9)[],日本雪平锅(22cm - 229.0)[],438.9
越南腰果(原味 - 92.0)[],稻壳抗菌防霉砧板(中号+小号 - 329.0)[],421.0
越南腰果(盐焗味 - 92.0)[],稻壳抗菌防霉砧板(中号+小号 - 329.0)[],421.0
麻辣小海鲜(鱿鱼嘴(250g/盒) - 105.0)[],法国琥珀锅(3.5L - 319.0)[生活],424.0
麻辣小海鲜(鱿鱼嘴(250g/盒) - 105.0)[],稻壳抗菌防霉砧板(中号+小号 - 329.0)[],434.0
麻辣小海鲜(鱿鱼头(250g/盒) - 105.0)[],法国琥珀锅(3.5L - 319.0)[生活],424.0
麻辣小海鲜(鱿鱼头(250g/盒) - 105.0)[],稻壳抗菌防霉砧板(中号+小号 - 329.0)[],434.0
麻辣小海鲜(海龙虾(300g/盒) - 117.0)[],法国琥珀锅(3.5L - 319.0)[生活],436.0
麻辣小海鲜(海龙虾(300g/盒) - 117.0)[],进口不粘锅(炒锅 32cm - 299.0)[],416.0
净水器替换滤芯(3只装 - 119.0)[],法国琥珀锅(3.5L - 319.0)[生活],438.0
净水器替换滤芯(3只装 - 119.0)[],进口不粘锅(炒锅 32cm - 299.0)[],418.0
净水器替换滤芯(6只装 - 179.0)[],台湾白因子消毒喷雾(500ml*1瓶 - 242.0)[生活],421.0
净水器替换滤芯(6只装 - 179.0)[],进口不粘锅(煎锅 28cm - 259.0)[],438.0
泰国椰青(9粒装 - 99.9)[],法国琥珀锅(3.5L - 319.0)[生活],418.9
泰国椰青(9粒装 - 99.9)[],稻壳抗菌防霉砧板(中号+小号 - 329.0)[],428.9
泰国椰青(9粒装(无开椰器) - 89.9)[],稻壳抗菌防霉砧板(中号+小号 - 329.0)[],418.9
多效过滤净水壶(1壶1芯 - 169.0)[],进口不粘锅(煎锅 28cm - 259.0)[],428.0
多效过滤净水壶(1壶4芯 - 288.0)[],湖南米粉(清炖牛肉(不辣) - 129.5)[],417.5
多效过滤净水壶(1壶4芯 - 288.0)[],原香花生油(2瓶装(750ml/瓶) - 139.0)[],427.0
多效过滤净水壶(1壶4芯 - 288.0)[],山核桃仁(2盒装(218g/盒) - 149.0)[],437.0
多效过滤净水壶(1壶4芯 - 288.0)[],稻壳抗菌防霉砧板(小号(22.7*31.9cm) - 129.0)[],417.0
多效过滤净水壶(1壶4芯 - 288.0)[],台湾白因子消毒喷雾(25ml*6瓶 - 155.0)[生活],443.0
多效过滤净水壶(1壶4芯 - 288.0)[],日本焖烧壶(银白色 - 149.0)[],437.0
多效过滤净水壶(1壶4芯 - 288.0)[],日本焖烧壶(桃粉色 - 149.0)[],437.0
多效过滤净水壶(1壶4芯 - 288.0)[],日本焖烧壶(雅红色 - 149.0)[],437.0
多效过滤净水壶(1壶4芯 - 288.0)[],日本不锈钢保温杯(墨蓝色 - 149.0)[生活],437.0
多效过滤净水壶(1壶4芯 - 288.0)[],日本不锈钢保温杯(蒂凡尼蓝 - 149.0)[生活],437.0
多效过滤净水壶(1壶4芯 - 288.0)[],日本不锈钢保温杯(芭比粉 - 149.0)[生活],437.0
多效过滤净水壶(1壶4芯 - 288.0)[],日本不锈钢保温杯(芒果黄 - 149.0)[生活],437.0
多效过滤净水壶(1壶4芯 - 288.0)[],日本不锈钢保温杯(探戈红 - 149.0)[生活],437.0
多效过滤净水壶(1壶4芯 - 288.0)[],阳澄湖大闸蟹礼券(388型(公3.0两 母2.0两) - 149.0)[],437.0
散养柴猪肉(柴猪蹄450-500g - 98.7)[],法国琥珀锅(3.5L - 319.0)[生活],417.7
散养柴猪肉(柴猪蹄450-500g - 98.7)[],稻壳抗菌防霉砧板(中号+小号 - 329.0)[],427.7
散养柴猪肉(五花肉500g - 104.7)[],法国琥珀锅(3.5L - 319.0)[生活],423.7
散养柴猪肉(五花肉500g - 104.7)[],稻壳抗菌防霉砧板(中号+小号 - 329.0)[],433.7
散养柴猪肉(后腿肉500g - 83.7)[],阳澄湖大闸蟹礼券(888型(公4.0两 母2.5两) - 358.0)[],441.7
散养柴猪肉(肥瘦肉馅500g - 68.7)[],阳澄湖大闸蟹礼券(888型(公4.0两 母2.5两) - 358.0)[],426.7
猫山王速冻榴莲(D197（猫山王）300g - 179.0)[],台湾白因子消毒喷雾(500ml*1瓶 - 242.0)[生活],421.0
猫山王速冻榴莲(D197（猫山王）300g - 179.0)[],进口不粘锅(煎锅 28cm - 259.0)[],438.0
防晒小黑伞(蓝槿*1把 - 279.0)[生活],原香花生油(2瓶装(750ml/瓶) - 139.0)[],418.0
防晒小黑伞(蓝槿*1把 - 279.0)[生活],山核桃仁(2盒装(218g/盒) - 149.0)[],428.0
防晒小黑伞(蓝槿*1把 - 279.0)[生活],台湾白因子消毒喷雾(25ml*6瓶 - 155.0)[生活],434.0
防晒小黑伞(蓝槿*1把 - 279.0)[生活],日本焖烧壶(银白色 - 149.0)[],428.0
防晒小黑伞(蓝槿*1把 - 279.0)[生活],日本焖烧壶(桃粉色 - 149.0)[],428.0
防晒小黑伞(蓝槿*1把 - 279.0)[生活],日本焖烧壶(雅红色 - 149.0)[],428.0
防晒小黑伞(蓝槿*1把 - 279.0)[生活],日本不锈钢保温杯(墨蓝色 - 149.0)[生活],428.0
防晒小黑伞(蓝槿*1把 - 279.0)[生活],日本不锈钢保温杯(蒂凡尼蓝 - 149.0)[生活],428.0
防晒小黑伞(蓝槿*1把 - 279.0)[生活],日本不锈钢保温杯(芭比粉 - 149.0)[生活],428.0
防晒小黑伞(蓝槿*1把 - 279.0)[生活],日本不锈钢保温杯(芒果黄 - 149.0)[生活],428.0
防晒小黑伞(蓝槿*1把 - 279.0)[生活],日本不锈钢保温杯(探戈红 - 149.0)[生活],428.0
防晒小黑伞(蓝槿*1把 - 279.0)[生活],阳澄湖大闸蟹礼券(388型(公3.0两 母2.0两) - 149.0)[],428.0
南极银鳕鱼(犬牙鱼)(1盒装（200g） - 99.9)[],法国琥珀锅(3.5L - 319.0)[生活],418.9
南极银鳕鱼(犬牙鱼)(1盒装（200g） - 99.9)[],稻壳抗菌防霉砧板(中号+小号 - 329.0)[],428.9
德国削皮刀(1把 - 108.0)[],法国琥珀锅(3.5L - 319.0)[生活],427.0
德国削皮刀(1把 - 108.0)[],稻壳抗菌防霉砧板(中号+小号 - 329.0)[],437.0
法国儿童驱蚊手环(百变公主 - 118.0)[生活],法国琥珀锅(3.5L - 319.0)[生活],437.0
法国儿童驱蚊手环(百变公主 - 118.0)[生活],进口不粘锅(炒锅 32cm - 299.0)[],417.0
法国儿童驱蚊手环(巨嘴鸟 - 118.0)[生活],法国琥珀锅(3.5L - 319.0)[生活],437.0
法国儿童驱蚊手环(巨嘴鸟 - 118.0)[生活],进口不粘锅(炒锅 32cm - 299.0)[],417.0
法国儿童驱蚊手环(顽皮鳄鱼 - 118.0)[生活],法国琥珀锅(3.5L - 319.0)[生活],437.0
法国儿童驱蚊手环(顽皮鳄鱼 - 118.0)[生活],进口不粘锅(炒锅 32cm - 299.0)[],417.0
法国儿童驱蚊手环(北极熊 - 118.0)[生活],法国琥珀锅(3.5L - 319.0)[生活],437.0
法国儿童驱蚊手环(北极熊 - 118.0)[生活],进口不粘锅(炒锅 32cm - 299.0)[],417.0
法国儿童驱蚊手环(可口冰淇淋 - 118.0)[生活],法国琥珀锅(3.5L - 319.0)[生活],437.0
法国儿童驱蚊手环(可口冰淇淋 - 118.0)[生活],进口不粘锅(炒锅 32cm - 299.0)[],417.0
法国儿童驱蚊手环(创意玩具 - 118.0)[生活],法国琥珀锅(3.5L - 319.0)[生活],437.0
法国儿童驱蚊手环(创意玩具 - 118.0)[生活],进口不粘锅(炒锅 32cm - 299.0)[],417.0
法国儿童驱蚊手环(驱蚊片2片替换装 - 78.0)[生活],阳澄湖大闸蟹礼券(888型(公4.0两 母2.5两) - 358.0)[],436.0
德国皮具护理膏(护理膏1盒装(250ml/盒) - 109.9)[],法国琥珀锅(3.5L - 319.0)[生活],428.9
德国皮具护理膏(护理膏1盒装(250ml/盒) - 109.9)[],稻壳抗菌防霉砧板(中号+小号 - 329.0)[],438.9
德国皮具护理膏(清洁膏+护理膏套装 - 209.9)[],稻壳抗菌防霉砧板(中号(27.7*39.7cm) - 219.0)[],428.9
德国皮具护理膏(清洁膏+护理膏套装 - 209.9)[],日本雪平锅(22cm - 229.0)[],438.9
湖南米粉(红烧牛肉(微辣) - 109.5)[],法国琥珀锅(3.5L - 319.0)[生活],428.5
湖南米粉(红烧牛肉(微辣) - 109.5)[],稻壳抗菌防霉砧板(中号+小号 - 329.0)[],438.5
湖南米粉(香辣牛杂(中辣) - 124.5)[],法国琥珀锅(3.5L - 319.0)[生活],443.5
湖南米粉(香辣牛杂(中辣) - 124.5)[],进口不粘锅(炒锅 32cm - 299.0)[],423.5
湖南米粉(酸辣凉拌(中辣) - 77.5)[],阳澄湖大闸蟹礼券(888型(公4.0两 母2.5两) - 358.0)[],435.5
湖南米粉(清炖牛肉(不辣) - 129.5)[],进口不粘锅(炒锅 32cm - 299.0)[],428.5
湖南米粉(清炖牛肉(不辣) - 129.5)[],优选纯手工蛋糕(松露轻乳芝士2磅 - 288.0)[],417.5
湖南米粉(清炖牛肉(不辣) - 129.5)[],优选纯手工蛋糕(百利甜情人2磅 - 288.0)[],417.5
湖南米粉(清炖牛肉(不辣) - 129.5)[],优选纯手工蛋糕(优山美地2磅 - 288.0)[],417.5
湖南米粉(小菜*5袋(含添加剂) - 74.5)[],阳澄湖大闸蟹礼券(888型(公4.0两 母2.5两) - 358.0)[],432.5
鳕鱼水饺(鳕鱼芹菜 - 90.0)[],稻壳抗菌防霉砧板(中号+小号 - 329.0)[],419.0
鳕鱼水饺(鳕鱼韭菜 - 90.0)[],稻壳抗菌防霉砧板(中号+小号 - 329.0)[],419.0
原香花生油(2瓶装(750ml/瓶) - 139.0)[],法国琥珀锅(2.5L - 279.0)[生活],418.0
原香花生油(2瓶装(750ml/瓶) - 139.0)[],进口不粘锅(炒锅 32cm - 299.0)[],438.0
原香花生油(2瓶装(750ml/瓶) - 139.0)[],阳澄湖大闸蟹礼券(588型(公3.5两 母2.5两) - 278.0)[],417.0
原香花生油(2瓶装(750ml/瓶) - 139.0)[],优选纯手工蛋糕(松露轻乳芝士2磅 - 288.0)[],427.0
原香花生油(2瓶装(750ml/瓶) - 139.0)[],优选纯手工蛋糕(百利甜情人2磅 - 288.0)[],427.0
原香花生油(2瓶装(750ml/瓶) - 139.0)[],优选纯手工蛋糕(优山美地2磅 - 288.0)[],427.0
儿童便携水壶(小猫头鹰 - 119.0)[生活],法国琥珀锅(3.5L - 319.0)[生活],438.0
儿童便携水壶(小猫头鹰 - 119.0)[生活],进口不粘锅(炒锅 32cm - 299.0)[],418.0
儿童便携水壶(太空旅行 - 119.0)[生活],法国琥珀锅(3.5L - 319.0)[生活],438.0
儿童便携水壶(太空旅行 - 119.0)[生活],进口不粘锅(炒锅 32cm - 299.0)[],418.0
儿童便携水壶(长颈鹿 - 119.0)[生活],法国琥珀锅(3.5L - 319.0)[生活],438.0
儿童便携水壶(长颈鹿 - 119.0)[生活],进口不粘锅(炒锅 32cm - 299.0)[],418.0
儿童便携水壶(萌宠猫咪 - 119.0)[生活],法国琥珀锅(3.5L - 319.0)[生活],438.0
儿童便携水壶(萌宠猫咪 - 119.0)[生活],进口不粘锅(炒锅 32cm - 299.0)[],418.0
儿童便携水壶(运动 - 119.0)[生活],法国琥珀锅(3.5L - 319.0)[生活],438.0
儿童便携水壶(运动 - 119.0)[生活],进口不粘锅(炒锅 32cm - 299.0)[],418.0
便携自加热鸡汤(乌鸡汤4罐装 - 119.0)[],法国琥珀锅(3.5L - 319.0)[生活],438.0
便携自加热鸡汤(乌鸡汤4罐装 - 119.0)[],进口不粘锅(炒锅 32cm - 299.0)[],418.0
便携自加热鸡汤(核桃鸡汤4罐装 - 115.0)[],法国琥珀锅(3.5L - 319.0)[生活],434.0
便携自加热鸡汤(核桃鸡汤4罐装 - 115.0)[],稻壳抗菌防霉砧板(中号+小号 - 329.0)[],444.0
原生竹浆本色纸(抽纸20包(110抽*3层) - 59.9)[],阳澄湖大闸蟹礼券(888型(公4.0两 母2.5两) - 358.0)[],417.9
原生竹浆本色纸(卷纸24卷(120g/卷) - 59.9)[],阳澄湖大闸蟹礼券(888型(公4.0两 母2.5两) - 358.0)[],417.9
伊朗紫衣开心果(盐焗味 - 90.0)[],稻壳抗菌防霉砧板(中号+小号 - 329.0)[],419.0
伊朗紫衣开心果(原味 - 90.0)[],稻壳抗菌防霉砧板(中号+小号 - 329.0)[],419.0
和田玉枣(2袋装 - 76.0)[],阳澄湖大闸蟹礼券(888型(公4.0两 母2.5两) - 358.0)[],434.0
迁西甘栗仁(12袋装(50g/袋) - 62.0)[],阳澄湖大闸蟹礼券(888型(公4.0两 母2.5两) - 358.0)[],420.0
山核桃仁(2盒装(218g/盒) - 149.0)[],法国琥珀锅(2.5L - 279.0)[生活],428.0
山核桃仁(2盒装(218g/盒) - 149.0)[],阳澄湖大闸蟹礼券(588型(公3.5两 母2.5两) - 278.0)[],427.0
山核桃仁(2盒装(218g/盒) - 149.0)[],优选纯手工蛋糕(松露轻乳芝士2磅 - 288.0)[],437.0
山核桃仁(2盒装(218g/盒) - 149.0)[],优选纯手工蛋糕(百利甜情人2磅 - 288.0)[],437.0
山核桃仁(2盒装(218g/盒) - 149.0)[],优选纯手工蛋糕(优山美地2磅 - 288.0)[],437.0
加拿大油壶(橙灰色*1只 - 58.0)[],阳澄湖大闸蟹礼券(888型(公4.0两 母2.5两) - 358.0)[],416.0
加拿大油壶(紫灰色*1只 - 58.0)[],阳澄湖大闸蟹礼券(888型(公4.0两 母2.5两) - 358.0)[],416.0
加拿大油壶(绿灰色*1只 - 58.0)[],阳澄湖大闸蟹礼券(888型(公4.0两 母2.5两) - 358.0)[],416.0
法国琥珀锅(2.5L - 279.0)[生活],台湾白因子消毒喷雾(25ml*6瓶 - 155.0)[生活],434.0
法国琥珀锅(2.5L - 279.0)[生活],日本焖烧壶(银白色 - 149.0)[],428.0
法国琥珀锅(2.5L - 279.0)[生活],日本焖烧壶(桃粉色 - 149.0)[],428.0
法国琥珀锅(2.5L - 279.0)[生活],日本焖烧壶(雅红色 - 149.0)[],428.0
法国琥珀锅(2.5L - 279.0)[生活],日本不锈钢保温杯(墨蓝色 - 149.0)[生活],428.0
法国琥珀锅(2.5L - 279.0)[生活],日本不锈钢保温杯(蒂凡尼蓝 - 149.0)[生活],428.0
法国琥珀锅(2.5L - 279.0)[生活],日本不锈钢保温杯(芭比粉 - 149.0)[生活],428.0
法国琥珀锅(2.5L - 279.0)[生活],日本不锈钢保温杯(芒果黄 - 149.0)[生活],428.0
法国琥珀锅(2.5L - 279.0)[生活],日本不锈钢保温杯(探戈红 - 149.0)[生活],428.0
法国琥珀锅(2.5L - 279.0)[生活],阳澄湖大闸蟹礼券(388型(公3.0两 母2.0两) - 149.0)[],428.0
法国琥珀锅(3.5L - 319.0)[生活],裸酸奶(原味(1.08Kg/瓶) - 98.4)[],417.4
法国琥珀锅(3.5L - 319.0)[生活],挪威北极真鳕鱼(2斤装 - 114.9)[],433.9
法国琥珀锅(3.5L - 319.0)[生活],天然稻谷壳筷子(10双 - 109.0)[生活],428.0
法国琥珀锅(3.5L - 319.0)[生活],儿童棒棒奶酪(原味500g*2袋 - 112.0)[],431.0
法国琥珀锅(3.5L - 319.0)[生活],儿童棒棒奶酪(混合水果味500g*2袋 - 112.0)[],431.0
法国琥珀锅(3.5L - 319.0)[生活],台湾白因子消毒喷雾(50ml*2瓶 - 99.0)[生活],418.0
法国琥珀锅(3.5L - 319.0)[生活],正宗内蒙古牛肉干(原味 - 101.4)[],420.4
法国琥珀锅(3.5L - 319.0)[生活],正宗内蒙古牛肉干(五香味 - 101.4)[],420.4
法国琥珀锅(3.5L - 319.0)[生活],正宗内蒙古牛肉干(香辣味 - 101.4)[],420.4
法国琥珀锅(3.5L - 319.0)[生活],香脆夹心海苔(香蕉味*4罐(52g/罐) - 119.0)[],438.0
法国琥珀锅(3.5L - 319.0)[生活],香脆夹心海苔(芝麻味*4罐(60g/罐) - 119.0)[],438.0
法国琥珀锅(3.5L - 319.0)[生活],意大利特级初榨橄榄油(2瓶装(500ml) - 125.0)[],444.0
法国琥珀锅(3.5L - 319.0)[生活],秘鲁蓝莓(4盒装(120g/盒) - 99.0)[],418.0
法国琥珀锅(3.5L - 319.0)[生活],秘鲁蓝莓(6盒装(120g/盒) - 122.8)[],441.8
法国琥珀锅(3.5L - 319.0)[生活],英国王妃梳(粉红豹 - 118.0)[生活],437.0
法国琥珀锅(3.5L - 319.0)[生活],英国王妃梳(冰雪奇缘 - 118.0)[生活],437.0
法国琥珀锅(3.5L - 319.0)[生活],英国王妃梳(粉色波点 - 118.0)[生活],437.0
法国琥珀锅(3.5L - 319.0)[生活],英国王妃梳(热带丛林 - 118.0)[生活],437.0
法国琥珀锅(3.5L - 319.0)[生活],云南华坪凯特芒果(6斤装(3-5个) - 99.9)[],418.9
法国琥珀锅(3.5L - 319.0)[生活],KN95级防颗粒物口罩（成人款、儿童款）(成人款25只 - 119.0)[],438.0
法国琥珀锅(3.5L - 319.0)[生活],KN95级防颗粒物口罩（成人款、儿童款）(黄色小鹿5只 - 99.0)[],418.0
法国琥珀锅(3.5L - 319.0)[生活],KN95级防颗粒物口罩（成人款、儿童款）(棕色小熊5只 - 99.0)[],418.0
法国琥珀锅(3.5L - 319.0)[生活],KN95级防颗粒物口罩（成人款、儿童款）(红色老虎5只 - 99.0)[],418.0
法国琥珀锅(3.5L - 319.0)[生活],KN95级防颗粒物口罩（成人款、儿童款）(粉色斑马5只 - 99.0)[],418.0
法国琥珀锅(3.5L - 319.0)[生活],稻花香大米(5Kg - 118.0)[],437.0
法国琥珀锅(3.5L - 319.0)[生活],冷榨亚麻籽油(4瓶装(500ml/瓶) - 115.0)[],434.0
法国琥珀锅(3.5L - 319.0)[生活],老北京五香酱牛肉(3袋装(200g/袋) - 116.0)[],435.0
法国琥珀锅(3.5L - 319.0)[生活],养生汤料组合(姬松茸红枣 - 108.0)[],427.0
法国琥珀锅(3.5L - 319.0)[生活],养生汤料组合(虫草花干贝 - 108.0)[],427.0
法国琥珀锅(3.5L - 319.0)[生活],便捷自烤欧式面包(烟熏芝士面包(50g*4个) - 115.0)[],434.0
法国琥珀锅(3.5L - 319.0)[生活],强效干洗清洁剂(1瓶(946ml/瓶)，赠擦拭布一块 - 98.0)[],417.0
冰糖木瓜(5斤装 - 75.8)[],阳澄湖大闸蟹礼券(888型(公4.0两 母2.5两) - 358.0)[],433.8
捷克式熟酸奶(8瓶装(245ml/瓶) - 65.0)[],阳澄湖大闸蟹礼券(888型(公4.0两 母2.5两) - 358.0)[],423.0
传统厚片纯燕麦片(燕麦麸皮 - 90.0)[],稻壳抗菌防霉砧板(中号+小号 - 329.0)[],419.0
传统厚片纯燕麦片(厚片纯燕麦片 - 90.0)[],稻壳抗菌防霉砧板(中号+小号 - 329.0)[],419.0
传统厚片纯燕麦片(谷物杂粮麦片 - 90.0)[],稻壳抗菌防霉砧板(中号+小号 - 329.0)[],419.0
裸酸奶(益生菌*4瓶(120g/瓶) - 83.4)[],阳澄湖大闸蟹礼券(888型(公4.0两 母2.5两) - 358.0)[],441.4
裸酸奶(原味(1.08Kg/瓶) - 98.4)[],稻壳抗菌防霉砧板(中号+小号 - 329.0)[],427.4
裸酸奶(高蛋白*3瓶(100g/瓶) - 95.4)[],稻壳抗菌防霉砧板(中号+小号 - 329.0)[],424.4
裸酸奶(百香果*3瓶(180g/瓶) - 74.4)[],阳澄湖大闸蟹礼券(888型(公4.0两 母2.5两) - 358.0)[],432.4
谷物营养粥(12包(100g/包) - 68.0)[],阳澄湖大闸蟹礼券(888型(公4.0两 母2.5两) - 358.0)[],426.0
新西兰进口花生酱(幼滑花生酱1瓶(380g/瓶) - 74.5)[],阳澄湖大闸蟹礼券(888型(公4.0两 母2.5两) - 358.0)[],432.5
新西兰进口花生酱(颗粒花生酱1瓶(380g/瓶) - 74.5)[],阳澄湖大闸蟹礼券(888型(公4.0两 母2.5两) - 358.0)[],432.5
北海红树林烤咸鸭蛋(25枚(65g/枚) - 69.9)[],阳澄湖大闸蟹礼券(888型(公4.0两 母2.5两) - 358.0)[],427.9
法国多功能剪刀(1把 - 89.0)[生活],稻壳抗菌防霉砧板(中号+小号 - 329.0)[],418.0
麻辣小龙虾(龙虾2盒装(每盒15-18只) - 89.9)[],稻壳抗菌防霉砧板(中号+小号 - 329.0)[],418.9
麻辣小龙虾(龙虾球2盒装(300g/盒) - 79.9)[],阳澄湖大闸蟹礼券(888型(公4.0两 母2.5两) - 358.0)[],437.9
挪威北极真鳕鱼(2斤装 - 114.9)[],稻壳抗菌防霉砧板(中号+小号 - 329.0)[],443.9
稻壳抗菌防霉砧板(小号(22.7*31.9cm) - 129.0)[],进口不粘锅(炒锅 32cm - 299.0)[],428.0
稻壳抗菌防霉砧板(小号(22.7*31.9cm) - 129.0)[],优选纯手工蛋糕(松露轻乳芝士2磅 - 288.0)[],417.0
稻壳抗菌防霉砧板(小号(22.7*31.9cm) - 129.0)[],优选纯手工蛋糕(百利甜情人2磅 - 288.0)[],417.0
稻壳抗菌防霉砧板(小号(22.7*31.9cm) - 129.0)[],优选纯手工蛋糕(优山美地2磅 - 288.0)[],417.0
稻壳抗菌防霉砧板(中号(27.7*39.7cm) - 219.0)[],日本雪平锅(20cm - 199.0)[],418.0
稻壳抗菌防霉砧板(中号+小号 - 329.0)[],天然稻谷壳筷子(10双 - 109.0)[生活],438.0
稻壳抗菌防霉砧板(中号+小号 - 329.0)[],儿童棒棒奶酪(原味500g*2袋 - 112.0)[],441.0
稻壳抗菌防霉砧板(中号+小号 - 329.0)[],儿童棒棒奶酪(混合水果味500g*2袋 - 112.0)[],441.0
稻壳抗菌防霉砧板(中号+小号 - 329.0)[],台湾白因子消毒喷雾(50ml*2瓶 - 99.0)[生活],428.0
稻壳抗菌防霉砧板(中号+小号 - 329.0)[],台湾白因子消毒喷雾(100ml*1瓶 - 90.0)[生活],419.0
稻壳抗菌防霉砧板(中号+小号 - 329.0)[],正宗内蒙古牛肉干(原味 - 101.4)[],430.4
稻壳抗菌防霉砧板(中号+小号 - 329.0)[],正宗内蒙古牛肉干(五香味 - 101.4)[],430.4
稻壳抗菌防霉砧板(中号+小号 - 329.0)[],正宗内蒙古牛肉干(香辣味 - 101.4)[],430.4
稻壳抗菌防霉砧板(中号+小号 - 329.0)[],台湾黑糖小饼干(5袋装(200g/袋) - 89.9)[],418.9
稻壳抗菌防霉砧板(中号+小号 - 329.0)[],黑糯玉米(10根装(220g/根) - 88.0)[],417.0
稻壳抗菌防霉砧板(中号+小号 - 329.0)[],莱阳蜜梨(6-8粒装(7.5-8斤) - 88.0)[],417.0
稻壳抗菌防霉砧板(中号+小号 - 329.0)[],秘鲁蓝莓(4盒装(120g/盒) - 99.0)[],428.0
稻壳抗菌防霉砧板(中号+小号 - 329.0)[],天然纯棉巾(4盒装 - 88.0)[生活],417.0
稻壳抗菌防霉砧板(中号+小号 - 329.0)[],广式&传统速食早点系列(乌金流沙包(40g*6个) - 96.0)[],425.0
稻壳抗菌防霉砧板(中号+小号 - 329.0)[],云南华坪凯特芒果(6斤装(3-5个) - 99.9)[],428.9
稻壳抗菌防霉砧板(中号+小号 - 329.0)[],蒲江红心猕猴桃(18粒装 - 89.9)[],418.9
稻壳抗菌防霉砧板(中号+小号 - 329.0)[],KN95级防颗粒物口罩（成人款、儿童款）(黄色小鹿5只 - 99.0)[],428.0
稻壳抗菌防霉砧板(中号+小号 - 329.0)[],KN95级防颗粒物口罩（成人款、儿童款）(棕色小熊5只 - 99.0)[],428.0
稻壳抗菌防霉砧板(中号+小号 - 329.0)[],KN95级防颗粒物口罩（成人款、儿童款）(红色老虎5只 - 99.0)[],428.0
稻壳抗菌防霉砧板(中号+小号 - 329.0)[],KN95级防颗粒物口罩（成人款、儿童款）(粉色斑马5只 - 99.0)[],428.0
稻壳抗菌防霉砧板(中号+小号 - 329.0)[],新派腊肉(2袋装(400g/袋) - 89.9)[],418.9
稻壳抗菌防霉砧板(中号+小号 - 329.0)[],即食红枣枸杞银耳汤(2盒装(90g/盒) - 89.6)[],418.6
稻壳抗菌防霉砧板(中号+小号 - 329.0)[],冷榨亚麻籽油(4瓶装(500ml/瓶) - 115.0)[],444.0
稻壳抗菌防霉砧板(中号+小号 - 329.0)[],雪山冻干枸杞(1盒装(160g) - 89.9)[],418.9
稻壳抗菌防霉砧板(中号+小号 - 329.0)[],王林苹果(12粒装(约6斤) - 88.0)[],417.0
稻壳抗菌防霉砧板(中号+小号 - 329.0)[],兰州水果百合(6年生三头皇3袋装（160-180g/袋） - 89.9)[],418.9
稻壳抗菌防霉砧板(中号+小号 - 329.0)[],养生汤料组合(姬松茸红枣 - 108.0)[],437.0
稻壳抗菌防霉砧板(中号+小号 - 329.0)[],养生汤料组合(虫草花干贝 - 108.0)[],437.0
稻壳抗菌防霉砧板(中号+小号 - 329.0)[],蒲烧鳗鱼(1袋装(271g/袋) - 89.9)[],418.9
稻壳抗菌防霉砧板(中号+小号 - 329.0)[],便捷自烤欧式面包(烟熏芝士面包(50g*4个) - 115.0)[],444.0
稻壳抗菌防霉砧板(中号+小号 - 329.0)[],便捷自烤欧式面包(全麦法棍(100g*3个) - 90.0)[],419.0
稻壳抗菌防霉砧板(中号+小号 - 329.0)[],便捷自烤欧式面包(碱圈(80g*4个) - 90.0)[],419.0
稻壳抗菌防霉砧板(中号+小号 - 329.0)[],莱阳福梨(6粒(6±0.2斤) - 88.0)[],417.0
稻壳抗菌防霉砧板(中号+小号 - 329.0)[],强效干洗清洁剂(1瓶(946ml/瓶)，赠擦拭布一块 - 98.0)[],427.0
儿童防滑拖鞋(浅粉25/26 - 69.0)[生活],阳澄湖大闸蟹礼券(888型(公4.0两 母2.5两) - 358.0)[],427.0
儿童防滑拖鞋(浅粉27/28 - 69.0)[生活],阳澄湖大闸蟹礼券(888型(公4.0两 母2.5两) - 358.0)[],427.0
儿童防滑拖鞋(浅粉29/30 - 69.0)[生活],阳澄湖大闸蟹礼券(888型(公4.0两 母2.5两) - 358.0)[],427.0
儿童防滑拖鞋(浅粉31/32 - 69.0)[生活],阳澄湖大闸蟹礼券(888型(公4.0两 母2.5两) - 358.0)[],427.0
儿童防滑拖鞋(浅粉33/34 - 69.0)[生活],阳澄湖大闸蟹礼券(888型(公4.0两 母2.5两) - 358.0)[],427.0
儿童防滑拖鞋(宝蓝25/26 - 69.0)[生活],阳澄湖大闸蟹礼券(888型(公4.0两 母2.5两) - 358.0)[],427.0
儿童防滑拖鞋(宝蓝27/28 - 69.0)[生活],阳澄湖大闸蟹礼券(888型(公4.0两 母2.5两) - 358.0)[],427.0
儿童防滑拖鞋(宝蓝29/30 - 69.0)[生活],阳澄湖大闸蟹礼券(888型(公4.0两 母2.5两) - 358.0)[],427.0
儿童防滑拖鞋(宝蓝31/32 - 69.0)[生活],阳澄湖大闸蟹礼券(888型(公4.0两 母2.5两) - 358.0)[],427.0
儿童防滑拖鞋(宝蓝33/34 - 69.0)[生活],阳澄湖大闸蟹礼券(888型(公4.0两 母2.5两) - 358.0)[],427.0
台湾薏仁红豆粉(1罐 - 79.0)[],阳澄湖大闸蟹礼券(888型(公4.0两 母2.5两) - 358.0)[],437.0
台湾白因子消毒喷雾(25ml*6瓶 - 155.0)[生活],阳澄湖大闸蟹礼券(588型(公3.5两 母2.5两) - 278.0)[],433.0
台湾白因子消毒喷雾(25ml*6瓶 - 155.0)[生活],优选纯手工蛋糕(松露轻乳芝士2磅 - 288.0)[],443.0
台湾白因子消毒喷雾(25ml*6瓶 - 155.0)[生活],优选纯手工蛋糕(百利甜情人2磅 - 288.0)[],443.0
台湾白因子消毒喷雾(25ml*6瓶 - 155.0)[生活],优选纯手工蛋糕(优山美地2磅 - 288.0)[],443.0
台湾白因子消毒喷雾(500ml*1瓶 - 242.0)[生活],日本雪平锅(18cm - 179.0)[],421.0
台湾白因子消毒喷雾(500ml*1瓶 - 242.0)[生活],日本雪平锅(20cm - 199.0)[],441.0
台湾白因子消毒喷雾(500ml*1瓶 - 242.0)[生活],无添加鲜炖燕窝(3瓶装(45g/瓶) - 177.0)[],419.0
台湾白因子消毒喷雾(500ml*1瓶 - 242.0)[生活],优选纯手工蛋糕(松露轻乳芝士1磅 - 196.0)[],438.0
台湾白因子消毒喷雾(500ml*1瓶 - 242.0)[生活],优选纯手工蛋糕(百利甜情人1磅 - 196.0)[],438.0
台湾白因子消毒喷雾(500ml*1瓶 - 242.0)[生活],优选纯手工蛋糕(优山美地1磅 - 196.0)[],438.0
台湾白因子消毒喷雾(500ml*1瓶 - 242.0)[生活],俄罗斯鲜冻带子(瑶柱)(2袋装 - 185.0)[],427.0
台湾白因子消毒喷雾(500ml*1瓶 - 242.0)[生活],便携式折叠电水壶(灰色0.6L - 189.0)[],431.0
无添加猪肉松(原味 - 63.8)[],阳澄湖大闸蟹礼券(888型(公4.0两 母2.5两) - 358.0)[],421.8
无添加猪肉松(海苔味 - 63.8)[],阳澄湖大闸蟹礼券(888型(公4.0两 母2.5两) - 358.0)[],421.8
香脆夹心海苔(香蕉味*2罐(52g/罐) - 69.0)[],阳澄湖大闸蟹礼券(888型(公4.0两 母2.5两) - 358.0)[],427.0
香脆夹心海苔(香蕉味*4罐(52g/罐) - 119.0)[],进口不粘锅(炒锅 32cm - 299.0)[],418.0
香脆夹心海苔(芝麻味*2罐(60g/罐) - 69.0)[],阳澄湖大闸蟹礼券(888型(公4.0两 母2.5两) - 358.0)[],427.0
香脆夹心海苔(芝麻味*4罐(60g/罐) - 119.0)[],进口不粘锅(炒锅 32cm - 299.0)[],418.0
韩国蜂蜜柚子茶(2瓶装(550g/瓶) - 75.0)[],阳澄湖大闸蟹礼券(888型(公4.0两 母2.5两) - 358.0)[],433.0
牛奶小西瓜(2粒装(约6斤) - 69.9)[],阳澄湖大闸蟹礼券(888型(公4.0两 母2.5两) - 358.0)[],427.9
水晶糖姜(2瓶装 - 72.0)[],阳澄湖大闸蟹礼券(888型(公4.0两 母2.5两) - 358.0)[],430.0
酥脆红枣片(5袋装 - 69.9)[],阳澄湖大闸蟹礼券(888型(公4.0两 母2.5两) - 358.0)[],427.9
日本雪平锅(18cm - 179.0)[],进口不粘锅(煎锅 28cm - 259.0)[],438.0
日本雪平锅(20cm - 199.0)[],日本雪平锅(22cm - 229.0)[],428.0
日本雪平锅(22cm - 229.0)[],优选纯手工蛋糕(松露轻乳芝士1磅 - 196.0)[],425.0
日本雪平锅(22cm - 229.0)[],优选纯手工蛋糕(百利甜情人1磅 - 196.0)[],425.0
日本雪平锅(22cm - 229.0)[],优选纯手工蛋糕(优山美地1磅 - 196.0)[],425.0
日本雪平锅(22cm - 229.0)[],便携式折叠电水壶(灰色0.6L - 189.0)[],418.0
防滑拖鞋(女款浅绿35/36 - 79.0)[生活],阳澄湖大闸蟹礼券(888型(公4.0两 母2.5两) - 358.0)[],437.0
防滑拖鞋(女款浅绿37/38 - 79.0)[生活],阳澄湖大闸蟹礼券(888型(公4.0两 母2.5两) - 358.0)[],437.0
防滑拖鞋(女款浅绿39/40 - 79.0)[生活],阳澄湖大闸蟹礼券(888型(公4.0两 母2.5两) - 358.0)[],437.0
防滑拖鞋(女款浅粉35/36 - 79.0)[生活],阳澄湖大闸蟹礼券(888型(公4.0两 母2.5两) - 358.0)[],437.0
防滑拖鞋(女款浅粉37/38 - 79.0)[生活],阳澄湖大闸蟹礼券(888型(公4.0两 母2.5两) - 358.0)[],437.0
防滑拖鞋(女款浅粉39/40 - 79.0)[生活],阳澄湖大闸蟹礼券(888型(公4.0两 母2.5两) - 358.0)[],437.0
防滑拖鞋(男款深蓝41/42 - 79.0)[生活],阳澄湖大闸蟹礼券(888型(公4.0两 母2.5两) - 358.0)[],437.0
防滑拖鞋(男款深蓝43/44 - 79.0)[生活],阳澄湖大闸蟹礼券(888型(公4.0两 母2.5两) - 358.0)[],437.0
防滑拖鞋(男款深蓝45/46 - 79.0)[生活],阳澄湖大闸蟹礼券(888型(公4.0两 母2.5两) - 358.0)[],437.0
防滑拖鞋(男款宝蓝41/42 - 79.0)[生活],阳澄湖大闸蟹礼券(888型(公4.0两 母2.5两) - 358.0)[],437.0
防滑拖鞋(男款宝蓝43/44 - 79.0)[生活],阳澄湖大闸蟹礼券(888型(公4.0两 母2.5两) - 358.0)[],437.0
防滑拖鞋(男款宝蓝45/46 - 79.0)[生活],阳澄湖大闸蟹礼券(888型(公4.0两 母2.5两) - 358.0)[],437.0
波兰曲奇饼干(榛子奶油味 - 59.6)[],阳澄湖大闸蟹礼券(888型(公4.0两 母2.5两) - 358.0)[],417.6
波兰曲奇饼干(巧克力碎榛子奶油味 - 59.6)[],阳澄湖大闸蟹礼券(888型(公4.0两 母2.5两) - 358.0)[],417.6
波兰曲奇饼干(巧克力奶油味 - 59.6)[],阳澄湖大闸蟹礼券(888型(公4.0两 母2.5两) - 358.0)[],417.6
波兰曲奇饼干(巧克力碎奶油味 - 59.6)[],阳澄湖大闸蟹礼券(888型(公4.0两 母2.5两) - 358.0)[],417.6
瑞士儿童&情侣牙刷(儿童款绿色(4260)*2支 - 76.0)[],阳澄湖大闸蟹礼券(888型(公4.0两 母2.5两) - 358.0)[],434.0
瑞士儿童&情侣牙刷(儿童款蓝色(4260)*2支 - 76.0)[],阳澄湖大闸蟹礼券(888型(公4.0两 母2.5两) - 358.0)[],434.0
瑞士儿童&情侣牙刷(儿童款粉色(4260)*2支 - 76.0)[],阳澄湖大闸蟹礼券(888型(公4.0两 母2.5两) - 358.0)[],434.0
瑞士儿童&情侣牙刷(彩色软毛(7600)*2支 - 76.0)[],阳澄湖大闸蟹礼券(888型(公4.0两 母2.5两) - 358.0)[],434.0
瑞士儿童&情侣牙刷(超柔软毛(5460)*2支 - 76.0)[],阳澄湖大闸蟹礼券(888型(公4.0两 母2.5两) - 358.0)[],434.0
瑞士儿童&情侣牙刷(限量纹身情侣款(5460)*2支 - 82.0)[],阳澄湖大闸蟹礼券(888型(公4.0两 母2.5两) - 358.0)[],440.0
瑞士儿童&情侣牙刷(齿间刷套装 - 68.0)[],阳澄湖大闸蟹礼券(888型(公4.0两 母2.5两) - 358.0)[],426.0
瑞士儿童&情侣牙刷(限量中国竹情侣款(5460)*2支 - 82.0)[],阳澄湖大闸蟹礼券(888型(公4.0两 母2.5两) - 358.0)[],440.0
古田鲜银耳(5朵装 - 59.9)[],阳澄湖大闸蟹礼券(888型(公4.0两 母2.5两) - 358.0)[],417.9
进口不粘锅(煎锅 28cm - 259.0)[],加拿大天然水果条(72条装 - 166.0)[],425.0
进口不粘锅(煎锅 28cm - 259.0)[],无添加鲜炖燕窝(3瓶装(45g/瓶) - 177.0)[],436.0
进口不粘锅(煎锅 28cm - 259.0)[],英国害羞邦尼兔(奶油色 - 169.0)[],428.0
进口不粘锅(煎锅 28cm - 259.0)[],英国害羞邦尼兔(郁金香粉 - 169.0)[],428.0
进口不粘锅(煎锅 28cm - 259.0)[],英国害羞邦尼兔(水蓝色 - 169.0)[],428.0
进口不粘锅(煎锅 28cm - 259.0)[],英国害羞邦尼兔(银灰色 - 169.0)[],428.0
进口不粘锅(煎锅 28cm - 259.0)[],英国害羞邦尼兔(米棕色 - 169.0)[],428.0
进口不粘锅(煎锅 28cm - 259.0)[],英国害羞邦尼兔(浅粉色 - 169.0)[],428.0
进口不粘锅(煎锅 28cm - 259.0)[],百桃一号(6粒装(250g/粒) - 168.0)[百桃一号],427.0
进口不粘锅(煎锅 28cm - 259.0)[],俄罗斯鲜冻带子(瑶柱)(2袋装 - 185.0)[],444.0
进口不粘锅(炒锅 32cm - 299.0)[],意大利特级初榨橄榄油(2瓶装(500ml) - 125.0)[],424.0
进口不粘锅(炒锅 32cm - 299.0)[],秘鲁蓝莓(6盒装(120g/盒) - 122.8)[],421.8
进口不粘锅(炒锅 32cm - 299.0)[],英国王妃梳(粉红豹 - 118.0)[生活],417.0
进口不粘锅(炒锅 32cm - 299.0)[],英国王妃梳(冰雪奇缘 - 118.0)[生活],417.0
进口不粘锅(炒锅 32cm - 299.0)[],英国王妃梳(粉色波点 - 118.0)[生活],417.0
进口不粘锅(炒锅 32cm - 299.0)[],英国王妃梳(热带丛林 - 118.0)[生活],417.0
进口不粘锅(炒锅 32cm - 299.0)[],KN95级防颗粒物口罩（成人款、儿童款）(成人款25只 - 119.0)[],418.0
进口不粘锅(炒锅 32cm - 299.0)[],稻花香大米(5Kg - 118.0)[],417.0
美国水果胡萝卜(2袋装(340g/袋) - 59.9)[],阳澄湖大闸蟹礼券(888型(公4.0两 母2.5两) - 358.0)[],417.9
加拿大天然水果条(72条装 - 166.0)[],阳澄湖大闸蟹礼券(588型(公3.5两 母2.5两) - 278.0)[],444.0
纯天然植物牙膏(左手香植物牙膏(100g) - 85.0)[],阳澄湖大闸蟹礼券(888型(公4.0两 母2.5两) - 358.0)[],443.0
纯天然植物牙膏(凤梨酵素牙膏(100g) - 65.0)[],阳澄湖大闸蟹礼券(888型(公4.0两 母2.5两) - 358.0)[],423.0
意大利特级初榨橄榄油(1瓶装(500ml) - 69.0)[],阳澄湖大闸蟹礼券(888型(公4.0两 母2.5两) - 358.0)[],427.0
进口澳柑(12粒装(175±10g/粒) - 77.8)[],阳澄湖大闸蟹礼券(888型(公4.0两 母2.5两) - 358.0)[],435.8
散养土鸡鸡肉系列(鸡翅中1Kg - 69.9)[],阳澄湖大闸蟹礼券(888型(公4.0两 母2.5两) - 358.0)[],427.9
进口儿童防滑餐具(猫头鹰套装(绿蓝) - 61.0)[生活],阳澄湖大闸蟹礼券(888型(公4.0两 母2.5两) - 358.0)[],419.0
进口儿童防滑餐具(猫头鹰套装(粉紫) - 61.0)[生活],阳澄湖大闸蟹礼券(888型(公4.0两 母2.5两) - 358.0)[],419.0
进口儿童防滑餐具(长颈鹿套装(绿蓝) - 61.0)[生活],阳澄湖大闸蟹礼券(888型(公4.0两 母2.5两) - 358.0)[],419.0
进口儿童防滑餐具(长颈鹿套装(粉紫) - 61.0)[生活],阳澄湖大闸蟹礼券(888型(公4.0两 母2.5两) - 358.0)[],419.0
进口儿童防滑餐具(猫头鹰三件套(绿蓝) - 69.0)[生活],阳澄湖大闸蟹礼券(888型(公4.0两 母2.5两) - 358.0)[],427.0
进口儿童防滑餐具(猫头鹰三件套(粉紫) - 69.0)[生活],阳澄湖大闸蟹礼券(888型(公4.0两 母2.5两) - 358.0)[],427.0
美国无核黑提(2斤装 - 85.8)[],阳澄湖大闸蟹礼券(888型(公4.0两 母2.5两) - 358.0)[],443.8
德国磨刀器(1把 - 69.0)[],阳澄湖大闸蟹礼券(888型(公4.0两 母2.5两) - 358.0)[],427.0
日本焖烧壶(银白色 - 149.0)[],阳澄湖大闸蟹礼券(588型(公3.5两 母2.5两) - 278.0)[],427.0
日本焖烧壶(银白色 - 149.0)[],优选纯手工蛋糕(松露轻乳芝士2磅 - 288.0)[],437.0
日本焖烧壶(银白色 - 149.0)[],优选纯手工蛋糕(百利甜情人2磅 - 288.0)[],437.0
日本焖烧壶(银白色 - 149.0)[],优选纯手工蛋糕(优山美地2磅 - 288.0)[],437.0
日本焖烧壶(桃粉色 - 149.0)[],阳澄湖大闸蟹礼券(588型(公3.5两 母2.5两) - 278.0)[],427.0
日本焖烧壶(桃粉色 - 149.0)[],优选纯手工蛋糕(松露轻乳芝士2磅 - 288.0)[],437.0
日本焖烧壶(桃粉色 - 149.0)[],优选纯手工蛋糕(百利甜情人2磅 - 288.0)[],437.0
日本焖烧壶(桃粉色 - 149.0)[],优选纯手工蛋糕(优山美地2磅 - 288.0)[],437.0
日本焖烧壶(雅红色 - 149.0)[],阳澄湖大闸蟹礼券(588型(公3.5两 母2.5两) - 278.0)[],427.0
日本焖烧壶(雅红色 - 149.0)[],优选纯手工蛋糕(松露轻乳芝士2磅 - 288.0)[],437.0
日本焖烧壶(雅红色 - 149.0)[],优选纯手工蛋糕(百利甜情人2磅 - 288.0)[],437.0
日本焖烧壶(雅红色 - 149.0)[],优选纯手工蛋糕(优山美地2磅 - 288.0)[],437.0
日本不锈钢保温杯(墨蓝色 - 149.0)[生活],阳澄湖大闸蟹礼券(588型(公3.5两 母2.5两) - 278.0)[],427.0
日本不锈钢保温杯(墨蓝色 - 149.0)[生活],优选纯手工蛋糕(松露轻乳芝士2磅 - 288.0)[],437.0
日本不锈钢保温杯(墨蓝色 - 149.0)[生活],优选纯手工蛋糕(百利甜情人2磅 - 288.0)[],437.0
日本不锈钢保温杯(墨蓝色 - 149.0)[生活],优选纯手工蛋糕(优山美地2磅 - 288.0)[],437.0
日本不锈钢保温杯(蒂凡尼蓝 - 149.0)[生活],阳澄湖大闸蟹礼券(588型(公3.5两 母2.5两) - 278.0)[],427.0
日本不锈钢保温杯(蒂凡尼蓝 - 149.0)[生活],优选纯手工蛋糕(松露轻乳芝士2磅 - 288.0)[],437.0
日本不锈钢保温杯(蒂凡尼蓝 - 149.0)[生活],优选纯手工蛋糕(百利甜情人2磅 - 288.0)[],437.0
日本不锈钢保温杯(蒂凡尼蓝 - 149.0)[生活],优选纯手工蛋糕(优山美地2磅 - 288.0)[],437.0
日本不锈钢保温杯(芭比粉 - 149.0)[生活],阳澄湖大闸蟹礼券(588型(公3.5两 母2.5两) - 278.0)[],427.0
日本不锈钢保温杯(芭比粉 - 149.0)[生活],优选纯手工蛋糕(松露轻乳芝士2磅 - 288.0)[],437.0
日本不锈钢保温杯(芭比粉 - 149.0)[生活],优选纯手工蛋糕(百利甜情人2磅 - 288.0)[],437.0
日本不锈钢保温杯(芭比粉 - 149.0)[生活],优选纯手工蛋糕(优山美地2磅 - 288.0)[],437.0
日本不锈钢保温杯(芒果黄 - 149.0)[生活],阳澄湖大闸蟹礼券(588型(公3.5两 母2.5两) - 278.0)[],427.0
日本不锈钢保温杯(芒果黄 - 149.0)[生活],优选纯手工蛋糕(松露轻乳芝士2磅 - 288.0)[],437.0
日本不锈钢保温杯(芒果黄 - 149.0)[生活],优选纯手工蛋糕(百利甜情人2磅 - 288.0)[],437.0
日本不锈钢保温杯(芒果黄 - 149.0)[生活],优选纯手工蛋糕(优山美地2磅 - 288.0)[],437.0
日本不锈钢保温杯(探戈红 - 149.0)[生活],阳澄湖大闸蟹礼券(588型(公3.5两 母2.5两) - 278.0)[],427.0
日本不锈钢保温杯(探戈红 - 149.0)[生活],优选纯手工蛋糕(松露轻乳芝士2磅 - 288.0)[],437.0
日本不锈钢保温杯(探戈红 - 149.0)[生活],优选纯手工蛋糕(百利甜情人2磅 - 288.0)[],437.0
日本不锈钢保温杯(探戈红 - 149.0)[生活],优选纯手工蛋糕(优山美地2磅 - 288.0)[],437.0
阳澄湖大闸蟹礼券(388型(公3.0两 母2.0两) - 149.0)[],阳澄湖大闸蟹礼券(588型(公3.5两 母2.5两) - 278.0)[],427.0
阳澄湖大闸蟹礼券(388型(公3.0两 母2.0两) - 149.0)[],优选纯手工蛋糕(松露轻乳芝士2磅 - 288.0)[],437.0
阳澄湖大闸蟹礼券(388型(公3.0两 母2.0两) - 149.0)[],优选纯手工蛋糕(百利甜情人2磅 - 288.0)[],437.0
阳澄湖大闸蟹礼券(388型(公3.0两 母2.0两) - 149.0)[],优选纯手工蛋糕(优山美地2磅 - 288.0)[],437.0
阳澄湖大闸蟹礼券(888型(公4.0两 母2.5两) - 358.0)[],广式&传统速食早点系列(笑口叉烧包(45g*6个) - 84.0)[],442.0
阳澄湖大闸蟹礼券(888型(公4.0两 母2.5两) - 358.0)[],广式&传统速食早点系列(蛋黄流沙包(40g*6个) - 75.2)[],433.2
阳澄湖大闸蟹礼券(888型(公4.0两 母2.5两) - 358.0)[],广式&传统速食早点系列(奶黄包(40g*6个) - 72.0)[],430.0
阳澄湖大闸蟹礼券(888型(公4.0两 母2.5两) - 358.0)[],澳洲晚脐橙(12粒装 - 73.8)[],431.8
阳澄湖大闸蟹礼券(888型(公4.0两 母2.5两) - 358.0)[],无添加脆脆虾(原味 (20g/盒) - 70.0)[],428.0
阳澄湖大闸蟹礼券(888型(公4.0两 母2.5两) - 358.0)[],无添加脆脆虾(椒盐味 (20g/盒) - 70.0)[],428.0
阳澄湖大闸蟹礼券(888型(公4.0两 母2.5两) - 358.0)[],新疆库尔勒全母香梨(5斤装 - 59.9)[],417.9
阳澄湖大闸蟹礼券(888型(公4.0两 母2.5两) - 358.0)[],青州蜜桃(大果4斤装(约16粒) - 59.0)[],417.0
阳澄湖大闸蟹礼券(888型(公4.0两 母2.5两) - 358.0)[],炭烤手撕猪肉脯(2盒装(240g/盒) - 85.0)[],443.0
阳澄湖大闸蟹礼券(888型(公4.0两 母2.5两) - 358.0)[],徐香猕猴桃(24枚装(4.8斤) - 78.0)[],436.0
阳澄湖大闸蟹礼券(888型(公4.0两 母2.5两) - 358.0)[],珍珠干冬菇(2瓶装(120g/瓶) - 79.6)[],437.6
阳澄湖大闸蟹礼券(888型(公4.0两 母2.5两) - 358.0)[],黄桃罐头(8罐装(425g/罐) - 69.9)[],427.9
阳澄湖大闸蟹礼券(888型(公4.0两 母2.5两) - 358.0)[],美国姬娜果(12粒装(190g/粒) - 79.8)[],437.8
阳澄湖大闸蟹礼券(888型(公4.0两 母2.5两) - 358.0)[],手工有机干莲子(1袋装(180g/盒) - 75.0)[],433.0
阳澄湖大闸蟹礼券(888型(公4.0两 母2.5两) - 358.0)[],南美白虾仁(1袋装(500g/袋) - 79.9)[],437.9
阳澄湖大闸蟹礼券(888型(公4.0两 母2.5两) - 358.0)[],原味葵花籽(6袋装(185g/袋) - 74.9)[],432.9
阳澄湖大闸蟹礼券(888型(公4.0两 母2.5两) - 358.0)[],鲜纯乳品系列（鲜奶&酸奶）(鲜奶7瓶装(230g/瓶) - 69.9)[],427.9
阳澄湖大闸蟹礼券(888型(公4.0两 母2.5两) - 358.0)[],鲜纯乳品系列（鲜奶&酸奶）(酸奶7瓶装(230g/瓶) - 59.9)[],417.9
阳澄湖大闸蟹礼券(888型(公4.0两 母2.5两) - 358.0)[],台湾红宝石西柚(4粒装(300±10g/粒) - 69.8)[],427.8
阳澄湖大闸蟹礼券(888型(公4.0两 母2.5两) - 358.0)[],便捷自烤欧式面包(健康小面包(35g*6个) - 72.5)[],430.5
阳澄湖大闸蟹礼券(888型(公4.0两 母2.5两) - 358.0)[],便捷自烤欧式面包(法式小面包(35g*6个) - 65.0)[],423.0
阳澄湖大闸蟹礼券(888型(公4.0两 母2.5两) - 358.0)[],便捷自烤欧式面包(软式小面包(35g*6个) - 65.0)[],423.0
阳澄湖大闸蟹礼券(888型(公4.0两 母2.5两) - 358.0)[],便捷自烤欧式面包(方形农夫硬餐包(35g*6个) - 72.5)[],430.5
阳澄湖大闸蟹礼券(888型(公4.0两 母2.5两) - 358.0)[],便捷自烤欧式面包(碱水小面包(35g*6个) - 72.5)[],430.5
阳澄湖大闸蟹礼券(888型(公4.0两 母2.5两) - 358.0)[],天水花牛苹果(12粒装(200-300g/粒) - 69.9)[],427.9
阳澄湖大闸蟹礼券(888型(公4.0两 母2.5两) - 358.0)[],甘鲜罗汉果(2盒装(100g/盒，6个/盒) - 79.0)[],437.0
