菲律宾凤梨(2个装 - 39.8)[],阳澄湖大闸蟹礼券(1988型(公4.5两 母3.0两) - 578.0)[],617.8
菲律宾凤梨(2个装 - 39.8)[],空气消毒机(1台(赠双立人不锈钢皂1个) - 660.0)[],699.8
生态巢蜜(2盒装（220g/盒） - 87.0)[],阳澄湖大闸蟹礼券(1988型(公4.5两 母3.0两) - 578.0)[],665.0
蔗汁红糖(姜母红糖(糖块) - 53.7)[],阳澄湖大闸蟹礼券(1988型(公4.5两 母3.0两) - 578.0)[],631.7
蔗汁红糖(玫瑰红糖(糖块) - 53.7)[],阳澄湖大闸蟹礼券(1988型(公4.5两 母3.0两) - 578.0)[],631.7
蔗汁红糖(原味红糖(糖粉) - 50.7)[],阳澄湖大闸蟹礼券(1988型(公4.5两 母3.0两) - 578.0)[],628.7
红心火龙果(5斤装 - 99.9)[],阳澄湖大闸蟹礼券(1988型(公4.5两 母3.0两) - 578.0)[],677.9
五彩野鸡蛋(30枚装（约25g/枚） - 66.6)[],阳澄湖大闸蟹礼券(1988型(公4.5两 母3.0两) - 578.0)[],644.6
福建肉燕(6袋装 - 108.0)[],阳澄湖大闸蟹礼券(1988型(公4.5两 母3.0两) - 578.0)[],686.0
舟山带鱼(2袋装（500g/袋） - 79.9)[],阳澄湖大闸蟹礼券(1988型(公4.5两 母3.0两) - 578.0)[],657.9
手工清真牛肉酱(2瓶装 - 59.9)[],阳澄湖大闸蟹礼券(1988型(公4.5两 母3.0两) - 578.0)[],637.9
沁州黄小米(5袋装(500g/袋) - 79.9)[],阳澄湖大闸蟹礼券(1988型(公4.5两 母3.0两) - 578.0)[],657.9
柳州螺蛳粉(5盒装（280g/盒） - 69.0)[],阳澄湖大闸蟹礼券(1988型(公4.5两 母3.0两) - 578.0)[],647.0
藜麦(3袋装(360g/袋) - 80.0)[],阳澄湖大闸蟹礼券(1988型(公4.5两 母3.0两) - 578.0)[],658.0
瑶鸡(大号1只装(净重2.5斤) - 115.0)[],阳澄湖大闸蟹礼券(1988型(公4.5两 母3.0两) - 578.0)[],693.0
瑶鸡(中号1只装(净重1.8-2斤) - 99.0)[],阳澄湖大闸蟹礼券(1988型(公4.5两 母3.0两) - 578.0)[],677.0
椴树蜂蜜(1瓶装(350g) - 89.0)[椴树蜜福利],阳澄湖大闸蟹礼券(1988型(公4.5两 母3.0两) - 578.0)[],667.0
椴树蜂蜜(1瓶礼盒装 - 89.0)[椴树蜜福利],阳澄湖大闸蟹礼券(1988型(公4.5两 母3.0两) - 578.0)[],667.0
冰鲜多宝鱼(1条(约600g) - 77.0)[],阳澄湖大闸蟹礼券(1988型(公4.5两 母3.0两) - 578.0)[],655.0
安格斯牛肉(牛腩切条500g - 79.8)[],阳澄湖大闸蟹礼券(1988型(公4.5两 母3.0两) - 578.0)[],657.8
安格斯牛肉(牛腱子500g - 93.8)[],阳澄湖大闸蟹礼券(1988型(公4.5两 母3.0两) - 578.0)[],671.8
安格斯牛仔骨(500g(约4-5片) - 89.9)[],阳澄湖大闸蟹礼券(1988型(公4.5两 母3.0两) - 578.0)[],667.9
北极甜虾(1Kg - 99.9)[],阳澄湖大闸蟹礼券(1988型(公4.5两 母3.0两) - 578.0)[],677.9
手工面(4袋装(400g/袋) - 55.0)[],阳澄湖大闸蟹礼券(1988型(公4.5两 母3.0两) - 578.0)[],633.0
法国猪肋排(2袋装(500g/袋) - 74.8)[],阳澄湖大闸蟹礼券(1988型(公4.5两 母3.0两) - 578.0)[],652.8
厄瓜多尔白虾(1盒装(2Kg/盒) - 199.0)[],阳澄湖大闸蟹礼券(1888型(公4.0两 母3.0两) - 418.0)[],617.0
厄瓜多尔白虾(1盒装(2Kg/盒) - 199.0)[],优选纯手工蛋糕(松露轻乳芝士3磅 - 448.0)[],647.0
厄瓜多尔白虾(1盒装(2Kg/盒) - 199.0)[],优选纯手工蛋糕(百利甜情人3磅 - 448.0)[],647.0
厄瓜多尔白虾(1盒装(2Kg/盒) - 199.0)[],优选纯手工蛋糕(优山美地3磅 - 448.0)[],647.0
风味腊肠(怪味腊肠 - 99.8)[],阳澄湖大闸蟹礼券(1988型(公4.5两 母3.0两) - 578.0)[],677.8
风味腊肠(广式腊肠 - 99.8)[],阳澄湖大闸蟹礼券(1988型(公4.5两 母3.0两) - 578.0)[],677.8
重庆小面(6袋装(240g/袋) - 85.0)[],阳澄湖大闸蟹礼券(1988型(公4.5两 母3.0两) - 578.0)[],663.0
巨无霸金奇异果(整件25粒装(130~140g/粒) - 225.8)[],阳澄湖大闸蟹礼券(1888型(公4.0两 母3.0两) - 418.0)[],643.8
巨无霸金奇异果(整件25粒装(130~140g/粒) - 225.8)[],优选纯手工蛋糕(松露轻乳芝士3磅 - 448.0)[],673.8
巨无霸金奇异果(整件25粒装(130~140g/粒) - 225.8)[],优选纯手工蛋糕(百利甜情人3磅 - 448.0)[],673.8
巨无霸金奇异果(整件25粒装(130~140g/粒) - 225.8)[],优选纯手工蛋糕(优山美地3磅 - 448.0)[],673.8
巨无霸金奇异果(12粒装(130~140g/粒) - 118.8)[],阳澄湖大闸蟹礼券(1988型(公4.5两 母3.0两) - 578.0)[],696.8
珍珠小笼包(经典原味(45个) - 85.8)[],阳澄湖大闸蟹礼券(1988型(公4.5两 母3.0两) - 578.0)[],663.8
珍珠小笼包(果蔬味(40个) - 99.8)[],阳澄湖大闸蟹礼券(1988型(公4.5两 母3.0两) - 578.0)[],677.8
便携榨汁神器(1机身+2杯 - 279.9)[生活],稻壳抗菌防霉砧板(中号+小号 - 329.0)[],608.9
便携榨汁神器(1机身+2杯 - 279.9)[生活],阳澄湖大闸蟹礼券(888型(公4.0两 母2.5两) - 358.0)[],637.9
便携榨汁神器(1机身+2杯 - 279.9)[生活],阳澄湖大闸蟹礼券(1888型(公4.0两 母3.0两) - 418.0)[],697.9
多功能清洁膏(清洁膏1盒装(300g/盒) - 109.9)[],阳澄湖大闸蟹礼券(1988型(公4.5两 母3.0两) - 578.0)[],687.9
多功能清洁膏(清洁膏+护理膏套装 - 209.9)[],阳澄湖大闸蟹礼券(1888型(公4.0两 母3.0两) - 418.0)[],627.9
多功能清洁膏(清洁膏+护理膏套装 - 209.9)[],优选纯手工蛋糕(松露轻乳芝士3磅 - 448.0)[],657.9
多功能清洁膏(清洁膏+护理膏套装 - 209.9)[],优选纯手工蛋糕(百利甜情人3磅 - 448.0)[],657.9
多功能清洁膏(清洁膏+护理膏套装 - 209.9)[],优选纯手工蛋糕(优山美地3磅 - 448.0)[],657.9
越南腰果(原味 - 92.0)[],阳澄湖大闸蟹礼券(1988型(公4.5两 母3.0两) - 578.0)[],670.0
越南腰果(盐焗味 - 92.0)[],阳澄湖大闸蟹礼券(1988型(公4.5两 母3.0两) - 578.0)[],670.0
麻辣小海鲜(鱿鱼嘴(250g/盒) - 105.0)[],阳澄湖大闸蟹礼券(1988型(公4.5两 母3.0两) - 578.0)[],683.0
麻辣小海鲜(鱿鱼头(250g/盒) - 105.0)[],阳澄湖大闸蟹礼券(1988型(公4.5两 母3.0两) - 578.0)[],683.0
麻辣小海鲜(海龙虾(300g/盒) - 117.0)[],阳澄湖大闸蟹礼券(1988型(公4.5两 母3.0两) - 578.0)[],695.0
生态鲜腐竹(5袋装(160g/袋) - 49.9)[],阳澄湖大闸蟹礼券(1988型(公4.5两 母3.0两) - 578.0)[],627.9
净水器替换滤芯(3只装 - 119.0)[],阳澄湖大闸蟹礼券(1988型(公4.5两 母3.0两) - 578.0)[],697.0
净水器替换滤芯(6只装 - 179.0)[],优选纯手工蛋糕(松露轻乳芝士3磅 - 448.0)[],627.0
净水器替换滤芯(6只装 - 179.0)[],优选纯手工蛋糕(百利甜情人3磅 - 448.0)[],627.0
净水器替换滤芯(6只装 - 179.0)[],优选纯手工蛋糕(优山美地3磅 - 448.0)[],627.0
泰国椰青(4粒装 - 54.9)[],阳澄湖大闸蟹礼券(1988型(公4.5两 母3.0两) - 578.0)[],632.9
泰国椰青(9粒装 - 99.9)[],阳澄湖大闸蟹礼券(1988型(公4.5两 母3.0两) - 578.0)[],677.9
泰国椰青(9粒装(无开椰器) - 89.9)[],阳澄湖大闸蟹礼券(1988型(公4.5两 母3.0两) - 578.0)[],667.9
多效过滤净水壶(1壶1芯 - 169.0)[],优选纯手工蛋糕(松露轻乳芝士3磅 - 448.0)[],617.0
多效过滤净水壶(1壶1芯 - 169.0)[],优选纯手工蛋糕(百利甜情人3磅 - 448.0)[],617.0
多效过滤净水壶(1壶1芯 - 169.0)[],优选纯手工蛋糕(优山美地3磅 - 448.0)[],617.0
多效过滤净水壶(1壶4芯 - 288.0)[],法国琥珀锅(3.5L - 319.0)[生活],607.0
多效过滤净水壶(1壶4芯 - 288.0)[],稻壳抗菌防霉砧板(中号+小号 - 329.0)[],617.0
多效过滤净水壶(1壶4芯 - 288.0)[],阳澄湖大闸蟹礼券(888型(公4.0两 母2.5两) - 358.0)[],646.0
散养柴猪肉(柴猪蹄450-500g - 98.7)[],阳澄湖大闸蟹礼券(1988型(公4.5两 母3.0两) - 578.0)[],676.7
散养柴猪肉(五花肉500g - 104.7)[],阳澄湖大闸蟹礼券(1988型(公4.5两 母3.0两) - 578.0)[],682.7
散养柴猪肉(后腿肉500g - 83.7)[],阳澄湖大闸蟹礼券(1988型(公4.5两 母3.0两) - 578.0)[],661.7
散养柴猪肉(肥瘦肉馅500g - 68.7)[],阳澄湖大闸蟹礼券(1988型(公4.5两 母3.0两) - 578.0)[],646.7
猫山王速冻榴莲(D197（猫山王）300g - 179.0)[],优选纯手工蛋糕(松露轻乳芝士3磅 - 448.0)[],627.0
猫山王速冻榴莲(D197（猫山王）300g - 179.0)[],优选纯手工蛋糕(百利甜情人3磅 - 448.0)[],627.0
猫山王速冻榴莲(D197（猫山王）300g - 179.0)[],优选纯手工蛋糕(优山美地3磅 - 448.0)[],627.0
防晒小黑伞(蓝槿*1把 - 279.0)[生活],稻壳抗菌防霉砧板(中号+小号 - 329.0)[],608.0
防晒小黑伞(蓝槿*1把 - 279.0)[生活],阳澄湖大闸蟹礼券(888型(公4.0两 母2.5两) - 358.0)[],637.0
防晒小黑伞(蓝槿*1把 - 279.0)[生活],阳澄湖大闸蟹礼券(1888型(公4.0两 母3.0两) - 418.0)[],697.0
南极银鳕鱼(犬牙鱼)(1盒装（200g） - 99.9)[],阳澄湖大闸蟹礼券(1988型(公4.5两 母3.0两) - 578.0)[],677.9
德国削皮刀(1把 - 108.0)[],阳澄湖大闸蟹礼券(1988型(公4.5两 母3.0两) - 578.0)[],686.0
法国儿童驱蚊手环(百变公主 - 118.0)[生活],阳澄湖大闸蟹礼券(1988型(公4.5两 母3.0两) - 578.0)[],696.0
法国儿童驱蚊手环(巨嘴鸟 - 118.0)[生活],阳澄湖大闸蟹礼券(1988型(公4.5两 母3.0两) - 578.0)[],696.0
法国儿童驱蚊手环(顽皮鳄鱼 - 118.0)[生活],阳澄湖大闸蟹礼券(1988型(公4.5两 母3.0两) - 578.0)[],696.0
法国儿童驱蚊手环(北极熊 - 118.0)[生活],阳澄湖大闸蟹礼券(1988型(公4.5两 母3.0两) - 578.0)[],696.0
法国儿童驱蚊手环(可口冰淇淋 - 118.0)[生活],阳澄湖大闸蟹礼券(1988型(公4.5两 母3.0两) - 578.0)[],696.0
法国儿童驱蚊手环(创意玩具 - 118.0)[生活],阳澄湖大闸蟹礼券(1988型(公4.5两 母3.0两) - 578.0)[],696.0
法国儿童驱蚊手环(驱蚊片2片替换装 - 78.0)[生活],阳澄湖大闸蟹礼券(1988型(公4.5两 母3.0两) - 578.0)[],656.0
五常粥米(3Kg - 54.9)[],阳澄湖大闸蟹礼券(1988型(公4.5两 母3.0两) - 578.0)[],632.9
德国皮具护理膏(护理膏1盒装(250ml/盒) - 109.9)[],阳澄湖大闸蟹礼券(1988型(公4.5两 母3.0两) - 578.0)[],687.9
德国皮具护理膏(清洁膏+护理膏套装 - 209.9)[],阳澄湖大闸蟹礼券(1888型(公4.0两 母3.0两) - 418.0)[],627.9
德国皮具护理膏(清洁膏+护理膏套装 - 209.9)[],优选纯手工蛋糕(松露轻乳芝士3磅 - 448.0)[],657.9
德国皮具护理膏(清洁膏+护理膏套装 - 209.9)[],优选纯手工蛋糕(百利甜情人3磅 - 448.0)[],657.9
德国皮具护理膏(清洁膏+护理膏套装 - 209.9)[],优选纯手工蛋糕(优山美地3磅 - 448.0)[],657.9
湖南米粉(红烧牛肉(微辣) - 109.5)[],阳澄湖大闸蟹礼券(1988型(公4.5两 母3.0两) - 578.0)[],687.5
湖南米粉(酸辣凉拌(中辣) - 77.5)[],阳澄湖大闸蟹礼券(1988型(公4.5两 母3.0两) - 578.0)[],655.5
湖南米粉(小菜*5袋(含添加剂) - 74.5)[],阳澄湖大闸蟹礼券(1988型(公4.5两 母3.0两) - 578.0)[],652.5
鳕鱼水饺(鳕鱼芹菜 - 90.0)[],阳澄湖大闸蟹礼券(1988型(公4.5两 母3.0两) - 578.0)[],668.0
鳕鱼水饺(鳕鱼韭菜 - 90.0)[],阳澄湖大闸蟹礼券(1988型(公4.5两 母3.0两) - 578.0)[],668.0
泰国龙眼(A级金标龙眼2Kg - 52.8)[],阳澄湖大闸蟹礼券(1988型(公4.5两 母3.0两) - 578.0)[],630.8
儿童便携水壶(小猫头鹰 - 119.0)[生活],阳澄湖大闸蟹礼券(1988型(公4.5两 母3.0两) - 578.0)[],697.0
儿童便携水壶(太空旅行 - 119.0)[生活],阳澄湖大闸蟹礼券(1988型(公4.5两 母3.0两) - 578.0)[],697.0
儿童便携水壶(长颈鹿 - 119.0)[生活],阳澄湖大闸蟹礼券(1988型(公4.5两 母3.0两) - 578.0)[],697.0
儿童便携水壶(萌宠猫咪 - 119.0)[生活],阳澄湖大闸蟹礼券(1988型(公4.5两 母3.0两) - 578.0)[],697.0
儿童便携水壶(运动 - 119.0)[生活],阳澄湖大闸蟹礼券(1988型(公4.5两 母3.0两) - 578.0)[],697.0
便携自加热鸡汤(乌鸡汤4罐装 - 119.0)[],阳澄湖大闸蟹礼券(1988型(公4.5两 母3.0两) - 578.0)[],697.0
便携自加热鸡汤(核桃鸡汤4罐装 - 115.0)[],阳澄湖大闸蟹礼券(1988型(公4.5两 母3.0两) - 578.0)[],693.0
海南高山青柠檬(有籽柠檬3斤装 - 36.8)[],阳澄湖大闸蟹礼券(1988型(公4.5两 母3.0两) - 578.0)[],614.8
海南高山青柠檬(有籽柠檬3斤装 - 36.8)[],空气消毒机(1台(赠双立人不锈钢皂1个) - 660.0)[],696.8
原生竹浆本色纸(抽纸20包(110抽*3层) - 59.9)[],阳澄湖大闸蟹礼券(1988型(公4.5两 母3.0两) - 578.0)[],637.9
原生竹浆本色纸(卷纸24卷(120g/卷) - 59.9)[],阳澄湖大闸蟹礼券(1988型(公4.5两 母3.0两) - 578.0)[],637.9
原生竹浆本色纸(手帕纸60包(8片*4层) - 42.8)[],阳澄湖大闸蟹礼券(1988型(公4.5两 母3.0两) - 578.0)[],620.8
伊朗紫衣开心果(盐焗味 - 90.0)[],阳澄湖大闸蟹礼券(1988型(公4.5两 母3.0两) - 578.0)[],668.0
伊朗紫衣开心果(原味 - 90.0)[],阳澄湖大闸蟹礼券(1988型(公4.5两 母3.0两) - 578.0)[],668.0
和田玉枣(2袋装 - 76.0)[],阳澄湖大闸蟹礼券(1988型(公4.5两 母3.0两) - 578.0)[],654.0
迁西甘栗仁(12袋装(50g/袋) - 62.0)[],阳澄湖大闸蟹礼券(1988型(公4.5两 母3.0两) - 578.0)[],640.0
加拿大油壶(橙灰色*1只 - 58.0)[],阳澄湖大闸蟹礼券(1988型(公4.5两 母3.0两) - 578.0)[],636.0
加拿大油壶(紫灰色*1只 - 58.0)[],阳澄湖大闸蟹礼券(1988型(公4.5两 母3.0两) - 578.0)[],636.0
加拿大油壶(绿灰色*1只 - 58.0)[],阳澄湖大闸蟹礼券(1988型(公4.5两 母3.0两) - 578.0)[],636.0
法国琥珀锅(2.5L - 279.0)[生活],稻壳抗菌防霉砧板(中号+小号 - 329.0)[],608.0
法国琥珀锅(2.5L - 279.0)[生活],阳澄湖大闸蟹礼券(888型(公4.0两 母2.5两) - 358.0)[],637.0
法国琥珀锅(2.5L - 279.0)[生活],阳澄湖大闸蟹礼券(1888型(公4.0两 母3.0两) - 418.0)[],697.0
法国琥珀锅(3.5L - 319.0)[生活],稻壳抗菌防霉砧板(中号+小号 - 329.0)[],648.0
法国琥珀锅(3.5L - 319.0)[生活],进口不粘锅(炒锅 32cm - 299.0)[],618.0
法国琥珀锅(3.5L - 319.0)[生活],阳澄湖大闸蟹礼券(888型(公4.0两 母2.5两) - 358.0)[],677.0
法国琥珀锅(3.5L - 319.0)[生活],优选纯手工蛋糕(松露轻乳芝士2磅 - 288.0)[],607.0
法国琥珀锅(3.5L - 319.0)[生活],优选纯手工蛋糕(百利甜情人2磅 - 288.0)[],607.0
法国琥珀锅(3.5L - 319.0)[生活],优选纯手工蛋糕(优山美地2磅 - 288.0)[],607.0
冰糖木瓜(5斤装 - 75.8)[],阳澄湖大闸蟹礼券(1988型(公4.5两 母3.0两) - 578.0)[],653.8
老盐金桔柠檬粉(10袋装(20g/袋) - 35.0)[],阳澄湖大闸蟹礼券(1988型(公4.5两 母3.0两) - 578.0)[],613.0
老盐金桔柠檬粉(10袋装(20g/袋) - 35.0)[],空气消毒机(1台(赠双立人不锈钢皂1个) - 660.0)[],695.0
捷克式熟酸奶(8瓶装(245ml/瓶) - 65.0)[],阳澄湖大闸蟹礼券(1988型(公4.5两 母3.0两) - 578.0)[],643.0
传统厚片纯燕麦片(燕麦麸皮 - 90.0)[],阳澄湖大闸蟹礼券(1988型(公4.5两 母3.0两) - 578.0)[],668.0
传统厚片纯燕麦片(厚片纯燕麦片 - 90.0)[],阳澄湖大闸蟹礼券(1988型(公4.5两 母3.0两) - 578.0)[],668.0
传统厚片纯燕麦片(谷物杂粮麦片 - 90.0)[],阳澄湖大闸蟹礼券(1988型(公4.5两 母3.0两) - 578.0)[],668.0
裸酸奶(益生菌*4瓶(120g/瓶) - 83.4)[],阳澄湖大闸蟹礼券(1988型(公4.5两 母3.0两) - 578.0)[],661.4
裸酸奶(原味(1.08Kg/瓶) - 98.4)[],阳澄湖大闸蟹礼券(1988型(公4.5两 母3.0两) - 578.0)[],676.4
裸酸奶(高蛋白*3瓶(100g/瓶) - 95.4)[],阳澄湖大闸蟹礼券(1988型(公4.5两 母3.0两) - 578.0)[],673.4
裸酸奶(百香果*3瓶(180g/瓶) - 74.4)[],阳澄湖大闸蟹礼券(1988型(公4.5两 母3.0两) - 578.0)[],652.4
谷物营养粥(12包(100g/包) - 68.0)[],阳澄湖大闸蟹礼券(1988型(公4.5两 母3.0两) - 578.0)[],646.0
新西兰进口花生酱(幼滑花生酱1瓶(380g/瓶) - 74.5)[],阳澄湖大闸蟹礼券(1988型(公4.5两 母3.0两) - 578.0)[],652.5
新西兰进口花生酱(颗粒花生酱1瓶(380g/瓶) - 74.5)[],阳澄湖大闸蟹礼券(1988型(公4.5两 母3.0两) - 578.0)[],652.5
北海红树林烤咸鸭蛋(25枚(65g/枚) - 69.9)[],阳澄湖大闸蟹礼券(1988型(公4.5两 母3.0两) - 578.0)[],647.9
法国多功能剪刀(1把 - 89.0)[生活],阳澄湖大闸蟹礼券(1988型(公4.5两 母3.0两) - 578.0)[],667.0
麻辣小龙虾(龙虾2盒装(每盒15-18只) - 89.9)[],阳澄湖大闸蟹礼券(1988型(公4.5两 母3.0两) - 578.0)[],667.9
麻辣小龙虾(龙虾球2盒装(300g/盒) - 79.9)[],阳澄湖大闸蟹礼券(1988型(公4.5两 母3.0两) - 578.0)[],657.9
挪威北极真鳕鱼(2斤装 - 114.9)[],阳澄湖大闸蟹礼券(1988型(公4.5两 母3.0两) - 578.0)[],692.9
稻壳抗菌防霉砧板(中号(27.7*39.7cm) - 219.0)[],阳澄湖大闸蟹礼券(1888型(公4.0两 母3.0两) - 418.0)[],637.0
稻壳抗菌防霉砧板(中号(27.7*39.7cm) - 219.0)[],优选纯手工蛋糕(松露轻乳芝士3磅 - 448.0)[],667.0
稻壳抗菌防霉砧板(中号(27.7*39.7cm) - 219.0)[],优选纯手工蛋糕(百利甜情人3磅 - 448.0)[],667.0
稻壳抗菌防霉砧板(中号(27.7*39.7cm) - 219.0)[],优选纯手工蛋糕(优山美地3磅 - 448.0)[],667.0
稻壳抗菌防霉砧板(中号+小号 - 329.0)[],进口不粘锅(炒锅 32cm - 299.0)[],628.0
稻壳抗菌防霉砧板(中号+小号 - 329.0)[],阳澄湖大闸蟹礼券(588型(公3.5两 母2.5两) - 278.0)[],607.0
稻壳抗菌防霉砧板(中号+小号 - 329.0)[],阳澄湖大闸蟹礼券(888型(公4.0两 母2.5两) - 358.0)[],687.0
稻壳抗菌防霉砧板(中号+小号 - 329.0)[],优选纯手工蛋糕(松露轻乳芝士2磅 - 288.0)[],617.0
稻壳抗菌防霉砧板(中号+小号 - 329.0)[],优选纯手工蛋糕(百利甜情人2磅 - 288.0)[],617.0
稻壳抗菌防霉砧板(中号+小号 - 329.0)[],优选纯手工蛋糕(优山美地2磅 - 288.0)[],617.0
天然稻谷壳筷子(10双 - 109.0)[生活],阳澄湖大闸蟹礼券(1988型(公4.5两 母3.0两) - 578.0)[],687.0
儿童棒棒奶酪(原味500g*2袋 - 112.0)[],阳澄湖大闸蟹礼券(1988型(公4.5两 母3.0两) - 578.0)[],690.0
儿童棒棒奶酪(混合水果味500g*2袋 - 112.0)[],阳澄湖大闸蟹礼券(1988型(公4.5两 母3.0两) - 578.0)[],690.0
儿童防滑拖鞋(浅粉25/26 - 69.0)[生活],阳澄湖大闸蟹礼券(1988型(公4.5两 母3.0两) - 578.0)[],647.0
儿童防滑拖鞋(浅粉27/28 - 69.0)[生活],阳澄湖大闸蟹礼券(1988型(公4.5两 母3.0两) - 578.0)[],647.0
儿童防滑拖鞋(浅粉29/30 - 69.0)[生活],阳澄湖大闸蟹礼券(1988型(公4.5两 母3.0两) - 578.0)[],647.0
儿童防滑拖鞋(浅粉31/32 - 69.0)[生活],阳澄湖大闸蟹礼券(1988型(公4.5两 母3.0两) - 578.0)[],647.0
儿童防滑拖鞋(浅粉33/34 - 69.0)[生活],阳澄湖大闸蟹礼券(1988型(公4.5两 母3.0两) - 578.0)[],647.0
儿童防滑拖鞋(宝蓝25/26 - 69.0)[生活],阳澄湖大闸蟹礼券(1988型(公4.5两 母3.0两) - 578.0)[],647.0
儿童防滑拖鞋(宝蓝27/28 - 69.0)[生活],阳澄湖大闸蟹礼券(1988型(公4.5两 母3.0两) - 578.0)[],647.0
儿童防滑拖鞋(宝蓝29/30 - 69.0)[生活],阳澄湖大闸蟹礼券(1988型(公4.5两 母3.0两) - 578.0)[],647.0
儿童防滑拖鞋(宝蓝31/32 - 69.0)[生活],阳澄湖大闸蟹礼券(1988型(公4.5两 母3.0两) - 578.0)[],647.0
儿童防滑拖鞋(宝蓝33/34 - 69.0)[生活],阳澄湖大闸蟹礼券(1988型(公4.5两 母3.0两) - 578.0)[],647.0
台湾薏仁红豆粉(1罐 - 79.0)[],阳澄湖大闸蟹礼券(1988型(公4.5两 母3.0两) - 578.0)[],657.0
台湾白因子消毒喷雾(25ml*6瓶 - 155.0)[生活],优选纯手工蛋糕(松露轻乳芝士3磅 - 448.0)[],603.0
台湾白因子消毒喷雾(25ml*6瓶 - 155.0)[生活],优选纯手工蛋糕(百利甜情人3磅 - 448.0)[],603.0
台湾白因子消毒喷雾(25ml*6瓶 - 155.0)[生活],优选纯手工蛋糕(优山美地3磅 - 448.0)[],603.0
台湾白因子消毒喷雾(50ml*2瓶 - 99.0)[生活],阳澄湖大闸蟹礼券(1988型(公4.5两 母3.0两) - 578.0)[],677.0
台湾白因子消毒喷雾(100ml*1瓶 - 90.0)[生活],阳澄湖大闸蟹礼券(1988型(公4.5两 母3.0两) - 578.0)[],668.0
台湾白因子消毒喷雾(500ml*1瓶 - 242.0)[生活],阳澄湖大闸蟹礼券(1888型(公4.0两 母3.0两) - 418.0)[],660.0
台湾白因子消毒喷雾(500ml*1瓶 - 242.0)[生活],优选纯手工蛋糕(松露轻乳芝士3磅 - 448.0)[],690.0
台湾白因子消毒喷雾(500ml*1瓶 - 242.0)[生活],优选纯手工蛋糕(百利甜情人3磅 - 448.0)[],690.0
台湾白因子消毒喷雾(500ml*1瓶 - 242.0)[生活],优选纯手工蛋糕(优山美地3磅 - 448.0)[],690.0
无添加猪肉松(原味 - 63.8)[],阳澄湖大闸蟹礼券(1988型(公4.5两 母3.0两) - 578.0)[],641.8
无添加猪肉松(海苔味 - 63.8)[],阳澄湖大闸蟹礼券(1988型(公4.5两 母3.0两) - 578.0)[],641.8
智利牛油果(6粒装(165g±10g/粒) - 56.8)[],阳澄湖大闸蟹礼券(1988型(公4.5两 母3.0两) - 578.0)[],634.8
香草海盐(1瓶装(150g/瓶) - 56.6)[],阳澄湖大闸蟹礼券(1988型(公4.5两 母3.0两) - 578.0)[],634.6
正宗内蒙古牛肉干(原味 - 101.4)[],阳澄湖大闸蟹礼券(1988型(公4.5两 母3.0两) - 578.0)[],679.4
正宗内蒙古牛肉干(五香味 - 101.4)[],阳澄湖大闸蟹礼券(1988型(公4.5两 母3.0两) - 578.0)[],679.4
正宗内蒙古牛肉干(香辣味 - 101.4)[],阳澄湖大闸蟹礼券(1988型(公4.5两 母3.0两) - 578.0)[],679.4
香脆夹心海苔(香蕉味*2罐(52g/罐) - 69.0)[],阳澄湖大闸蟹礼券(1988型(公4.5两 母3.0两) - 578.0)[],647.0
香脆夹心海苔(香蕉味*4罐(52g/罐) - 119.0)[],阳澄湖大闸蟹礼券(1988型(公4.5两 母3.0两) - 578.0)[],697.0
香脆夹心海苔(芝麻味*2罐(60g/罐) - 69.0)[],阳澄湖大闸蟹礼券(1988型(公4.5两 母3.0两) - 578.0)[],647.0
香脆夹心海苔(芝麻味*4罐(60g/罐) - 119.0)[],阳澄湖大闸蟹礼券(1988型(公4.5两 母3.0两) - 578.0)[],697.0
韩国蜂蜜柚子茶(2瓶装(550g/瓶) - 75.0)[],阳澄湖大闸蟹礼券(1988型(公4.5两 母3.0两) - 578.0)[],653.0
酸甜蜜饯组合(普通梅片(50g/袋) - 44.5)[],阳澄湖大闸蟹礼券(1988型(公4.5两 母3.0两) - 578.0)[],622.5
酸甜蜜饯组合(紫苏梅片(35g/袋) - 37.5)[],阳澄湖大闸蟹礼券(1988型(公4.5两 母3.0两) - 578.0)[],615.5
酸甜蜜饯组合(紫苏梅片(35g/袋) - 37.5)[],空气消毒机(1台(赠双立人不锈钢皂1个) - 660.0)[],697.5
酸甜蜜饯组合(日式话梅(50g/袋) - 32.0)[],阳澄湖大闸蟹礼券(1988型(公4.5两 母3.0两) - 578.0)[],610.0
酸甜蜜饯组合(日式话梅(50g/袋) - 32.0)[],空气消毒机(1台(赠双立人不锈钢皂1个) - 660.0)[],692.0
酸甜蜜饯组合(原味梅粒(50g/袋) - 49.5)[],阳澄湖大闸蟹礼券(1988型(公4.5两 母3.0两) - 578.0)[],627.5
酸甜蜜饯组合(黄桃干(55g/袋) - 48.0)[],阳澄湖大闸蟹礼券(1988型(公4.5两 母3.0两) - 578.0)[],626.0
牛奶小西瓜(2粒装(约6斤) - 69.9)[],阳澄湖大闸蟹礼券(1988型(公4.5两 母3.0两) - 578.0)[],647.9
现磨三色胡椒(1瓶装(100g/瓶) - 56.6)[],阳澄湖大闸蟹礼券(1988型(公4.5两 母3.0两) - 578.0)[],634.6
水晶糖姜(2瓶装 - 72.0)[],阳澄湖大闸蟹礼券(1988型(公4.5两 母3.0两) - 578.0)[],650.0
酥脆红枣片(5袋装 - 69.9)[],阳澄湖大闸蟹礼券(1988型(公4.5两 母3.0两) - 578.0)[],647.9
台湾黑糖小饼干(5袋装(200g/袋) - 89.9)[],阳澄湖大闸蟹礼券(1988型(公4.5两 母3.0两) - 578.0)[],667.9
无添加两年特调酱油(1瓶(250ml/瓶) - 55.0)[],阳澄湖大闸蟹礼券(1988型(公4.5两 母3.0两) - 578.0)[],633.0
日本雪平锅(18cm - 179.0)[],优选纯手工蛋糕(松露轻乳芝士3磅 - 448.0)[],627.0
日本雪平锅(18cm - 179.0)[],优选纯手工蛋糕(百利甜情人3磅 - 448.0)[],627.0
日本雪平锅(18cm - 179.0)[],优选纯手工蛋糕(优山美地3磅 - 448.0)[],627.0
日本雪平锅(20cm - 199.0)[],阳澄湖大闸蟹礼券(1888型(公4.0两 母3.0两) - 418.0)[],617.0
日本雪平锅(20cm - 199.0)[],优选纯手工蛋糕(松露轻乳芝士3磅 - 448.0)[],647.0
日本雪平锅(20cm - 199.0)[],优选纯手工蛋糕(百利甜情人3磅 - 448.0)[],647.0
日本雪平锅(20cm - 199.0)[],优选纯手工蛋糕(优山美地3磅 - 448.0)[],647.0
日本雪平锅(22cm - 229.0)[],阳澄湖大闸蟹礼券(1888型(公4.0两 母3.0两) - 418.0)[],647.0
日本雪平锅(22cm - 229.0)[],优选纯手工蛋糕(松露轻乳芝士3磅 - 448.0)[],677.0
日本雪平锅(22cm - 229.0)[],优选纯手工蛋糕(百利甜情人3磅 - 448.0)[],677.0
日本雪平锅(22cm - 229.0)[],优选纯手工蛋糕(优山美地3磅 - 448.0)[],677.0
防滑拖鞋(女款浅绿35/36 - 79.0)[生活],阳澄湖大闸蟹礼券(1988型(公4.5两 母3.0两) - 578.0)[],657.0
防滑拖鞋(女款浅绿37/38 - 79.0)[生活],阳澄湖大闸蟹礼券(1988型(公4.5两 母3.0两) - 578.0)[],657.0
防滑拖鞋(女款浅绿39/40 - 79.0)[生活],阳澄湖大闸蟹礼券(1988型(公4.5两 母3.0两) - 578.0)[],657.0
防滑拖鞋(女款浅粉35/36 - 79.0)[生活],阳澄湖大闸蟹礼券(1988型(公4.5两 母3.0两) - 578.0)[],657.0
防滑拖鞋(女款浅粉37/38 - 79.0)[生活],阳澄湖大闸蟹礼券(1988型(公4.5两 母3.0两) - 578.0)[],657.0
防滑拖鞋(女款浅粉39/40 - 79.0)[生活],阳澄湖大闸蟹礼券(1988型(公4.5两 母3.0两) - 578.0)[],657.0
防滑拖鞋(男款深蓝41/42 - 79.0)[生活],阳澄湖大闸蟹礼券(1988型(公4.5两 母3.0两) - 578.0)[],657.0
防滑拖鞋(男款深蓝43/44 - 79.0)[生活],阳澄湖大闸蟹礼券(1988型(公4.5两 母3.0两) - 578.0)[],657.0
防滑拖鞋(男款深蓝45/46 - 79.0)[生活],阳澄湖大闸蟹礼券(1988型(公4.5两 母3.0两) - 578.0)[],657.0
防滑拖鞋(男款宝蓝41/42 - 79.0)[生活],阳澄湖大闸蟹礼券(1988型(公4.5两 母3.0两) - 578.0)[],657.0
防滑拖鞋(男款宝蓝43/44 - 79.0)[生活],阳澄湖大闸蟹礼券(1988型(公4.5两 母3.0两) - 578.0)[],657.0
防滑拖鞋(男款宝蓝45/46 - 79.0)[生活],阳澄湖大闸蟹礼券(1988型(公4.5两 母3.0两) - 578.0)[],657.0
波兰曲奇饼干(榛子奶油味 - 59.6)[],阳澄湖大闸蟹礼券(1988型(公4.5两 母3.0两) - 578.0)[],637.6
波兰曲奇饼干(巧克力碎榛子奶油味 - 59.6)[],阳澄湖大闸蟹礼券(1988型(公4.5两 母3.0两) - 578.0)[],637.6
波兰曲奇饼干(巧克力奶油味 - 59.6)[],阳澄湖大闸蟹礼券(1988型(公4.5两 母3.0两) - 578.0)[],637.6
波兰曲奇饼干(巧克力碎奶油味 - 59.6)[],阳澄湖大闸蟹礼券(1988型(公4.5两 母3.0两) - 578.0)[],637.6
山楂优块(6袋装(128g/袋) - 49.0)[],阳澄湖大闸蟹礼券(1988型(公4.5两 母3.0两) - 578.0)[],627.0
瑞士儿童&情侣牙刷(儿童款绿色(4260)*2支 - 76.0)[],阳澄湖大闸蟹礼券(1988型(公4.5两 母3.0两) - 578.0)[],654.0
瑞士儿童&情侣牙刷(儿童款蓝色(4260)*2支 - 76.0)[],阳澄湖大闸蟹礼券(1988型(公4.5两 母3.0两) - 578.0)[],654.0
瑞士儿童&情侣牙刷(儿童款粉色(4260)*2支 - 76.0)[],阳澄湖大闸蟹礼券(1988型(公4.5两 母3.0两) - 578.0)[],654.0
瑞士儿童&情侣牙刷(彩色软毛(7600)*2支 - 76.0)[],阳澄湖大闸蟹礼券(1988型(公4.5两 母3.0两) - 578.0)[],654.0
瑞士儿童&情侣牙刷(超柔软毛(5460)*2支 - 76.0)[],阳澄湖大闸蟹礼券(1988型(公4.5两 母3.0两) - 578.0)[],654.0
瑞士儿童&情侣牙刷(限量纹身情侣款(5460)*2支 - 82.0)[],阳澄湖大闸蟹礼券(1988型(公4.5两 母3.0两) - 578.0)[],660.0
瑞士儿童&情侣牙刷(齿间刷套装 - 68.0)[],阳澄湖大闸蟹礼券(1988型(公4.5两 母3.0两) - 578.0)[],646.0
瑞士儿童&情侣牙刷(限量中国竹情侣款(5460)*2支 - 82.0)[],阳澄湖大闸蟹礼券(1988型(公4.5两 母3.0两) - 578.0)[],660.0
古田鲜银耳(5朵装 - 59.9)[],阳澄湖大闸蟹礼券(1988型(公4.5两 母3.0两) - 578.0)[],637.9
进口不粘锅(煎锅 28cm - 259.0)[],阳澄湖大闸蟹礼券(888型(公4.0两 母2.5两) - 358.0)[],617.0
进口不粘锅(煎锅 28cm - 259.0)[],阳澄湖大闸蟹礼券(1888型(公4.0两 母3.0两) - 418.0)[],677.0
进口不粘锅(炒锅 32cm - 299.0)[],阳澄湖大闸蟹礼券(888型(公4.0两 母2.5两) - 358.0)[],657.0
黑糯玉米(10根装(220g/根) - 88.0)[],阳澄湖大闸蟹礼券(1988型(公4.5两 母3.0两) - 578.0)[],666.0
美国水果胡萝卜(2袋装(340g/袋) - 59.9)[],阳澄湖大闸蟹礼券(1988型(公4.5两 母3.0两) - 578.0)[],637.9
加拿大天然水果条(72条装 - 166.0)[],优选纯手工蛋糕(松露轻乳芝士3磅 - 448.0)[],614.0
加拿大天然水果条(72条装 - 166.0)[],优选纯手工蛋糕(百利甜情人3磅 - 448.0)[],614.0
加拿大天然水果条(72条装 - 166.0)[],优选纯手工蛋糕(优山美地3磅 - 448.0)[],614.0
纯天然植物牙膏(左手香植物牙膏(100g) - 85.0)[],阳澄湖大闸蟹礼券(1988型(公4.5两 母3.0两) - 578.0)[],663.0
纯天然植物牙膏(凤梨酵素牙膏(100g) - 65.0)[],阳澄湖大闸蟹礼券(1988型(公4.5两 母3.0两) - 578.0)[],643.0
菇娘果(3斤装 - 45.0)[],阳澄湖大闸蟹礼券(1988型(公4.5两 母3.0两) - 578.0)[],623.0
意大利特级初榨橄榄油(1瓶装(500ml) - 69.0)[],阳澄湖大闸蟹礼券(1988型(公4.5两 母3.0两) - 578.0)[],647.0
进口澳柑(12粒装(175±10g/粒) - 77.8)[],阳澄湖大闸蟹礼券(1988型(公4.5两 母3.0两) - 578.0)[],655.8
莱阳蜜梨(6-8粒装(7.5-8斤) - 88.0)[],阳澄湖大闸蟹礼券(1988型(公4.5两 母3.0两) - 578.0)[],666.0
无添加鲜炖燕窝(3瓶装(45g/瓶) - 177.0)[],优选纯手工蛋糕(松露轻乳芝士3磅 - 448.0)[],625.0
无添加鲜炖燕窝(3瓶装(45g/瓶) - 177.0)[],优选纯手工蛋糕(百利甜情人3磅 - 448.0)[],625.0
无添加鲜炖燕窝(3瓶装(45g/瓶) - 177.0)[],优选纯手工蛋糕(优山美地3磅 - 448.0)[],625.0
秘鲁蓝莓(4盒装(120g/盒) - 99.0)[],阳澄湖大闸蟹礼券(1988型(公4.5两 母3.0两) - 578.0)[],677.0
散养土鸡鸡肉系列(鸡大胸1Kg - 39.9)[],阳澄湖大闸蟹礼券(1988型(公4.5两 母3.0两) - 578.0)[],617.9
散养土鸡鸡肉系列(鸡大胸1Kg - 39.9)[],空气消毒机(1台(赠双立人不锈钢皂1个) - 660.0)[],699.9
散养土鸡鸡肉系列(鸡翅根1Kg - 49.9)[],阳澄湖大闸蟹礼券(1988型(公4.5两 母3.0两) - 578.0)[],627.9
散养土鸡鸡肉系列(鸡翅中1Kg - 69.9)[],阳澄湖大闸蟹礼券(1988型(公4.5两 母3.0两) - 578.0)[],647.9
进口儿童防滑餐具(猫头鹰套装(绿蓝) - 61.0)[生活],阳澄湖大闸蟹礼券(1988型(公4.5两 母3.0两) - 578.0)[],639.0
进口儿童防滑餐具(猫头鹰套装(粉紫) - 61.0)[生活],阳澄湖大闸蟹礼券(1988型(公4.5两 母3.0两) - 578.0)[],639.0
进口儿童防滑餐具(长颈鹿套装(绿蓝) - 61.0)[生活],阳澄湖大闸蟹礼券(1988型(公4.5两 母3.0两) - 578.0)[],639.0
进口儿童防滑餐具(长颈鹿套装(粉紫) - 61.0)[生活],阳澄湖大闸蟹礼券(1988型(公4.5两 母3.0两) - 578.0)[],639.0
进口儿童防滑餐具(猫头鹰三件套(绿蓝) - 69.0)[生活],阳澄湖大闸蟹礼券(1988型(公4.5两 母3.0两) - 578.0)[],647.0
进口儿童防滑餐具(猫头鹰三件套(粉紫) - 69.0)[生活],阳澄湖大闸蟹礼券(1988型(公4.5两 母3.0两) - 578.0)[],647.0
六鳌红蜜薯(5斤装 - 48.8)[],阳澄湖大闸蟹礼券(1988型(公4.5两 母3.0两) - 578.0)[],626.8
美国无核黑提(2斤装 - 85.8)[],阳澄湖大闸蟹礼券(1988型(公4.5两 母3.0两) - 578.0)[],663.8
天然纯棉巾(4盒装 - 88.0)[生活],阳澄湖大闸蟹礼券(1988型(公4.5两 母3.0两) - 578.0)[],666.0
天然纯棉巾(2盒装 - 48.0)[生活],阳澄湖大闸蟹礼券(1988型(公4.5两 母3.0两) - 578.0)[],626.0
英国王妃梳(粉红豹 - 118.0)[生活],阳澄湖大闸蟹礼券(1988型(公4.5两 母3.0两) - 578.0)[],696.0
英国王妃梳(冰雪奇缘 - 118.0)[生活],阳澄湖大闸蟹礼券(1988型(公4.5两 母3.0两) - 578.0)[],696.0
英国王妃梳(粉色波点 - 118.0)[生活],阳澄湖大闸蟹礼券(1988型(公4.5两 母3.0两) - 578.0)[],696.0
英国王妃梳(热带丛林 - 118.0)[生活],阳澄湖大闸蟹礼券(1988型(公4.5两 母3.0两) - 578.0)[],696.0
德国磨刀器(1把 - 69.0)[],阳澄湖大闸蟹礼券(1988型(公4.5两 母3.0两) - 578.0)[],647.0
英国害羞邦尼兔(奶油色 - 169.0)[],优选纯手工蛋糕(松露轻乳芝士3磅 - 448.0)[],617.0
英国害羞邦尼兔(奶油色 - 169.0)[],优选纯手工蛋糕(百利甜情人3磅 - 448.0)[],617.0
英国害羞邦尼兔(奶油色 - 169.0)[],优选纯手工蛋糕(优山美地3磅 - 448.0)[],617.0
英国害羞邦尼兔(郁金香粉 - 169.0)[],优选纯手工蛋糕(松露轻乳芝士3磅 - 448.0)[],617.0
英国害羞邦尼兔(郁金香粉 - 169.0)[],优选纯手工蛋糕(百利甜情人3磅 - 448.0)[],617.0
英国害羞邦尼兔(郁金香粉 - 169.0)[],优选纯手工蛋糕(优山美地3磅 - 448.0)[],617.0
英国害羞邦尼兔(水蓝色 - 169.0)[],优选纯手工蛋糕(松露轻乳芝士3磅 - 448.0)[],617.0
英国害羞邦尼兔(水蓝色 - 169.0)[],优选纯手工蛋糕(百利甜情人3磅 - 448.0)[],617.0
英国害羞邦尼兔(水蓝色 - 169.0)[],优选纯手工蛋糕(优山美地3磅 - 448.0)[],617.0
英国害羞邦尼兔(银灰色 - 169.0)[],优选纯手工蛋糕(松露轻乳芝士3磅 - 448.0)[],617.0
英国害羞邦尼兔(银灰色 - 169.0)[],优选纯手工蛋糕(百利甜情人3磅 - 448.0)[],617.0
英国害羞邦尼兔(银灰色 - 169.0)[],优选纯手工蛋糕(优山美地3磅 - 448.0)[],617.0
英国害羞邦尼兔(米棕色 - 169.0)[],优选纯手工蛋糕(松露轻乳芝士3磅 - 448.0)[],617.0
英国害羞邦尼兔(米棕色 - 169.0)[],优选纯手工蛋糕(百利甜情人3磅 - 448.0)[],617.0
英国害羞邦尼兔(米棕色 - 169.0)[],优选纯手工蛋糕(优山美地3磅 - 448.0)[],617.0
英国害羞邦尼兔(浅粉色 - 169.0)[],优选纯手工蛋糕(松露轻乳芝士3磅 - 448.0)[],617.0
英国害羞邦尼兔(浅粉色 - 169.0)[],优选纯手工蛋糕(百利甜情人3磅 - 448.0)[],617.0
英国害羞邦尼兔(浅粉色 - 169.0)[],优选纯手工蛋糕(优山美地3磅 - 448.0)[],617.0
阳澄湖大闸蟹礼券(588型(公3.5两 母2.5两) - 278.0)[],阳澄湖大闸蟹礼券(888型(公4.0两 母2.5两) - 358.0)[],636.0
阳澄湖大闸蟹礼券(588型(公3.5两 母2.5两) - 278.0)[],阳澄湖大闸蟹礼券(1888型(公4.0两 母3.0两) - 418.0)[],696.0
阳澄湖大闸蟹礼券(888型(公4.0两 母2.5两) - 358.0)[],优选纯手工蛋糕(松露轻乳芝士2磅 - 288.0)[],646.0
阳澄湖大闸蟹礼券(888型(公4.0两 母2.5两) - 358.0)[],优选纯手工蛋糕(百利甜情人2磅 - 288.0)[],646.0
阳澄湖大闸蟹礼券(888型(公4.0两 母2.5两) - 358.0)[],优选纯手工蛋糕(优山美地2磅 - 288.0)[],646.0
阳澄湖大闸蟹礼券(1888型(公4.0两 母3.0两) - 418.0)[],优选纯手工蛋糕(松露轻乳芝士1磅 - 196.0)[],614.0
阳澄湖大闸蟹礼券(1888型(公4.0两 母3.0两) - 418.0)[],优选纯手工蛋糕(百利甜情人1磅 - 196.0)[],614.0
阳澄湖大闸蟹礼券(1888型(公4.0两 母3.0两) - 418.0)[],优选纯手工蛋糕(优山美地1磅 - 196.0)[],614.0
阳澄湖大闸蟹礼券(1888型(公4.0两 母3.0两) - 418.0)[],俄罗斯鲜冻带子(瑶柱)(2袋装 - 185.0)[],603.0
阳澄湖大闸蟹礼券(1888型(公4.0两 母3.0两) - 418.0)[],便携式折叠电水壶(灰色0.6L - 189.0)[],607.0
阳澄湖大闸蟹礼券(1988型(公4.5两 母3.0两) - 578.0)[],广式&传统速食早点系列(笑口叉烧包(45g*6个) - 84.0)[],662.0
阳澄湖大闸蟹礼券(1988型(公4.5两 母3.0两) - 578.0)[],广式&传统速食早点系列(蛋黄流沙包(40g*6个) - 75.2)[],653.2
阳澄湖大闸蟹礼券(1988型(公4.5两 母3.0两) - 578.0)[],广式&传统速食早点系列(奶黄包(40g*6个) - 72.0)[],650.0
阳澄湖大闸蟹礼券(1988型(公4.5两 母3.0两) - 578.0)[],广式&传统速食早点系列(乌金流沙包(40g*6个) - 96.0)[],674.0
阳澄湖大闸蟹礼券(1988型(公4.5两 母3.0两) - 578.0)[],广式&传统速食早点系列(小白菜包子(80g*4个) - 56.0)[],634.0
阳澄湖大闸蟹礼券(1988型(公4.5两 母3.0两) - 578.0)[],广式&传统速食早点系列(精品馒头(80g*4个) - 48.0)[],626.0
阳澄湖大闸蟹礼券(1988型(公4.5两 母3.0两) - 578.0)[],澳洲晚脐橙(12粒装 - 73.8)[],651.8
阳澄湖大闸蟹礼券(1988型(公4.5两 母3.0两) - 578.0)[],云南华坪凯特芒果(6斤装(3-5个) - 99.9)[],677.9
阳澄湖大闸蟹礼券(1988型(公4.5两 母3.0两) - 578.0)[],蒲江红心猕猴桃(18粒装 - 89.9)[],667.9
阳澄湖大闸蟹礼券(1988型(公4.5两 母3.0两) - 578.0)[],无添加脆脆虾(原味 (20g/盒) - 70.0)[],648.0
阳澄湖大闸蟹礼券(1988型(公4.5两 母3.0两) - 578.0)[],无添加脆脆虾(椒盐味 (20g/盒) - 70.0)[],648.0
阳澄湖大闸蟹礼券(1988型(公4.5两 母3.0两) - 578.0)[],新疆库尔勒全母香梨(5斤装 - 59.9)[],637.9
阳澄湖大闸蟹礼券(1988型(公4.5两 母3.0两) - 578.0)[],青州蜜桃(大果4斤装(约16粒) - 59.0)[],637.0
阳澄湖大闸蟹礼券(1988型(公4.5两 母3.0两) - 578.0)[],青州蜜桃(小果4斤装(约23粒) - 55.0)[],633.0
阳澄湖大闸蟹礼券(1988型(公4.5两 母3.0两) - 578.0)[],KN95级防颗粒物口罩（成人款、儿童款）(成人款25只 - 119.0)[],697.0
阳澄湖大闸蟹礼券(1988型(公4.5两 母3.0两) - 578.0)[],KN95级防颗粒物口罩（成人款、儿童款）(黄色小鹿5只 - 99.0)[],677.0
阳澄湖大闸蟹礼券(1988型(公4.5两 母3.0两) - 578.0)[],KN95级防颗粒物口罩（成人款、儿童款）(棕色小熊5只 - 99.0)[],677.0
阳澄湖大闸蟹礼券(1988型(公4.5两 母3.0两) - 578.0)[],KN95级防颗粒物口罩（成人款、儿童款）(红色老虎5只 - 99.0)[],677.0
阳澄湖大闸蟹礼券(1988型(公4.5两 母3.0两) - 578.0)[],KN95级防颗粒物口罩（成人款、儿童款）(粉色斑马5只 - 99.0)[],677.0
阳澄湖大闸蟹礼券(1988型(公4.5两 母3.0两) - 578.0)[],炭烤手撕猪肉脯(2盒装(240g/盒) - 85.0)[],663.0
阳澄湖大闸蟹礼券(1988型(公4.5两 母3.0两) - 578.0)[],稻花香大米(5Kg - 118.0)[],696.0
阳澄湖大闸蟹礼券(1988型(公4.5两 母3.0两) - 578.0)[],平和红心蜜柚(2粒装(约5斤) - 45.0)[],623.0
阳澄湖大闸蟹礼券(1988型(公4.5两 母3.0两) - 578.0)[],新派腊肉(2袋装(400g/袋) - 89.9)[],667.9
阳澄湖大闸蟹礼券(1988型(公4.5两 母3.0两) - 578.0)[],徐香猕猴桃(24枚装(4.8斤) - 78.0)[],656.0
阳澄湖大闸蟹礼券(1988型(公4.5两 母3.0两) - 578.0)[],珍珠干冬菇(2瓶装(120g/瓶) - 79.6)[],657.6
阳澄湖大闸蟹礼券(1988型(公4.5两 母3.0两) - 578.0)[],即食红枣枸杞银耳汤(2盒装(90g/盒) - 89.6)[],667.6
阳澄湖大闸蟹礼券(1988型(公4.5两 母3.0两) - 578.0)[],越南紫薯(5斤装 - 43.8)[],621.8
阳澄湖大闸蟹礼券(1988型(公4.5两 母3.0两) - 578.0)[],黄桃罐头(8罐装(425g/罐) - 69.9)[],647.9
阳澄湖大闸蟹礼券(1988型(公4.5两 母3.0两) - 578.0)[],美国姬娜果(12粒装(190g/粒) - 79.8)[],657.8
阳澄湖大闸蟹礼券(1988型(公4.5两 母3.0两) - 578.0)[],冷榨亚麻籽油(4瓶装(500ml/瓶) - 115.0)[],693.0
阳澄湖大闸蟹礼券(1988型(公4.5两 母3.0两) - 578.0)[],雪山冻干枸杞(1盒装(160g) - 89.9)[],667.9
阳澄湖大闸蟹礼券(1988型(公4.5两 母3.0两) - 578.0)[],手工有机干莲子(1袋装(180g/盒) - 75.0)[],653.0
阳澄湖大闸蟹礼券(1988型(公4.5两 母3.0两) - 578.0)[],王林苹果(12粒装(约6斤) - 88.0)[],666.0
阳澄湖大闸蟹礼券(1988型(公4.5两 母3.0两) - 578.0)[],金童玉女小黄瓜(3斤装 - 55.0)[],633.0
阳澄湖大闸蟹礼券(1988型(公4.5两 母3.0两) - 578.0)[],南美白虾仁(1袋装(500g/袋) - 79.9)[],657.9
阳澄湖大闸蟹礼券(1988型(公4.5两 母3.0两) - 578.0)[],原味葵花籽(6袋装(185g/袋) - 74.9)[],652.9
阳澄湖大闸蟹礼券(1988型(公4.5两 母3.0两) - 578.0)[],新疆贵族南瓜(1个(1.25Kg) - 43.8)[],621.8
阳澄湖大闸蟹礼券(1988型(公4.5两 母3.0两) - 578.0)[],黄金蜜柚(中果2粒装(1.25-1.5Kg/粒) - 45.0)[],623.0
阳澄湖大闸蟹礼券(1988型(公4.5两 母3.0两) - 578.0)[],老北京五香酱牛肉(3袋装(200g/袋) - 116.0)[],694.0
阳澄湖大闸蟹礼券(1988型(公4.5两 母3.0两) - 578.0)[],鲜纯乳品系列（鲜奶&酸奶）(鲜奶7瓶装(230g/瓶) - 69.9)[],647.9
阳澄湖大闸蟹礼券(1988型(公4.5两 母3.0两) - 578.0)[],鲜纯乳品系列（鲜奶&酸奶）(酸奶7瓶装(230g/瓶) - 59.9)[],637.9
阳澄湖大闸蟹礼券(1988型(公4.5两 母3.0两) - 578.0)[],兰州水果百合(6年生三头皇3袋装（160-180g/袋） - 89.9)[],667.9
阳澄湖大闸蟹礼券(1988型(公4.5两 母3.0两) - 578.0)[],养生汤料组合(姬松茸红枣 - 108.0)[],686.0
阳澄湖大闸蟹礼券(1988型(公4.5两 母3.0两) - 578.0)[],养生汤料组合(虫草花干贝 - 108.0)[],686.0
阳澄湖大闸蟹礼券(1988型(公4.5两 母3.0两) - 578.0)[],台湾红宝石西柚(4粒装(300±10g/粒) - 69.8)[],647.8
阳澄湖大闸蟹礼券(1988型(公4.5两 母3.0两) - 578.0)[],蒲烧鳗鱼(1袋装(271g/袋) - 89.9)[],667.9
阳澄湖大闸蟹礼券(1988型(公4.5两 母3.0两) - 578.0)[],便捷自烤欧式面包(健康小面包(35g*6个) - 72.5)[],650.5
阳澄湖大闸蟹礼券(1988型(公4.5两 母3.0两) - 578.0)[],便捷自烤欧式面包(法式小面包(35g*6个) - 65.0)[],643.0
阳澄湖大闸蟹礼券(1988型(公4.5两 母3.0两) - 578.0)[],便捷自烤欧式面包(软式小面包(35g*6个) - 65.0)[],643.0
阳澄湖大闸蟹礼券(1988型(公4.5两 母3.0两) - 578.0)[],便捷自烤欧式面包(方形农夫硬餐包(35g*6个) - 72.5)[],650.5
阳澄湖大闸蟹礼券(1988型(公4.5两 母3.0两) - 578.0)[],便捷自烤欧式面包(碱水小面包(35g*6个) - 72.5)[],650.5
阳澄湖大闸蟹礼券(1988型(公4.5两 母3.0两) - 578.0)[],便捷自烤欧式面包(烟熏芝士面包(50g*4个) - 115.0)[],693.0
阳澄湖大闸蟹礼券(1988型(公4.5两 母3.0两) - 578.0)[],便捷自烤欧式面包(全麦法棍(100g*3个) - 90.0)[],668.0
阳澄湖大闸蟹礼券(1988型(公4.5两 母3.0两) - 578.0)[],便捷自烤欧式面包(碱圈(80g*4个) - 90.0)[],668.0
阳澄湖大闸蟹礼券(1988型(公4.5两 母3.0两) - 578.0)[],天水花牛苹果(12粒装(200-300g/粒) - 69.9)[],647.9
阳澄湖大闸蟹礼券(1988型(公4.5两 母3.0两) - 578.0)[],莱阳福梨(6粒(6±0.2斤) - 88.0)[],666.0
阳澄湖大闸蟹礼券(1988型(公4.5两 母3.0两) - 578.0)[],甘鲜罗汉果(2盒装(100g/盒，6个/盒) - 79.0)[],657.0
阳澄湖大闸蟹礼券(1988型(公4.5两 母3.0两) - 578.0)[],强效干洗清洁剂(1瓶(946ml/瓶)，赠擦拭布一块 - 98.0)[],676.0
优选纯手工蛋糕(松露轻乳芝士1磅 - 196.0)[],优选纯手工蛋糕(松露轻乳芝士3磅 - 448.0)[],644.0
优选纯手工蛋糕(松露轻乳芝士1磅 - 196.0)[],优选纯手工蛋糕(百利甜情人3磅 - 448.0)[],644.0
优选纯手工蛋糕(松露轻乳芝士1磅 - 196.0)[],优选纯手工蛋糕(优山美地3磅 - 448.0)[],644.0
优选纯手工蛋糕(松露轻乳芝士3磅 - 448.0)[],优选纯手工蛋糕(百利甜情人1磅 - 196.0)[],644.0
优选纯手工蛋糕(松露轻乳芝士3磅 - 448.0)[],优选纯手工蛋糕(优山美地1磅 - 196.0)[],644.0
优选纯手工蛋糕(松露轻乳芝士3磅 - 448.0)[],百桃一号(6粒装(250g/粒) - 168.0)[百桃一号],616.0
优选纯手工蛋糕(松露轻乳芝士3磅 - 448.0)[],俄罗斯鲜冻带子(瑶柱)(2袋装 - 185.0)[],633.0
优选纯手工蛋糕(松露轻乳芝士3磅 - 448.0)[],便携式折叠电水壶(灰色0.6L - 189.0)[],637.0
优选纯手工蛋糕(百利甜情人1磅 - 196.0)[],优选纯手工蛋糕(百利甜情人3磅 - 448.0)[],644.0
优选纯手工蛋糕(百利甜情人1磅 - 196.0)[],优选纯手工蛋糕(优山美地3磅 - 448.0)[],644.0
优选纯手工蛋糕(百利甜情人3磅 - 448.0)[],优选纯手工蛋糕(优山美地1磅 - 196.0)[],644.0
优选纯手工蛋糕(百利甜情人3磅 - 448.0)[],百桃一号(6粒装(250g/粒) - 168.0)[百桃一号],616.0
优选纯手工蛋糕(百利甜情人3磅 - 448.0)[],俄罗斯鲜冻带子(瑶柱)(2袋装 - 185.0)[],633.0
优选纯手工蛋糕(百利甜情人3磅 - 448.0)[],便携式折叠电水壶(灰色0.6L - 189.0)[],637.0
优选纯手工蛋糕(优山美地3磅 - 448.0)[],优选纯手工蛋糕(优山美地1磅 - 196.0)[],644.0
优选纯手工蛋糕(优山美地3磅 - 448.0)[],百桃一号(6粒装(250g/粒) - 168.0)[百桃一号],616.0
优选纯手工蛋糕(优山美地3磅 - 448.0)[],俄罗斯鲜冻带子(瑶柱)(2袋装 - 185.0)[],633.0
优选纯手工蛋糕(优山美地3磅 - 448.0)[],便携式折叠电水壶(灰色0.6L - 189.0)[],637.0
