菲律宾凤梨(2个装 - 39.8)[],便携榨汁神器(1机身+2杯 - 279.9)[生活],319.7
菲律宾凤梨(2个装 - 39.8)[],多效过滤净水壶(1壶4芯 - 288.0)[],327.8
菲律宾凤梨(2个装 - 39.8)[],防晒小黑伞(蓝槿*1把 - 279.0)[生活],318.8
菲律宾凤梨(2个装 - 39.8)[],法国琥珀锅(2.5L - 279.0)[生活],318.8
菲律宾凤梨(2个装 - 39.8)[],进口不粘锅(炒锅 32cm - 299.0)[],338.8
菲律宾凤梨(2个装 - 39.8)[],阳澄湖大闸蟹礼券(588型(公3.5两 母2.5两) - 278.0)[],317.8
菲律宾凤梨(2个装 - 39.8)[],优选纯手工蛋糕(松露轻乳芝士2磅 - 288.0)[],327.8
菲律宾凤梨(2个装 - 39.8)[],优选纯手工蛋糕(百利甜情人2磅 - 288.0)[],327.8
菲律宾凤梨(2个装 - 39.8)[],优选纯手工蛋糕(优山美地2磅 - 288.0)[],327.8
生态巢蜜(2盒装（220g/盒） - 87.0)[],台湾白因子消毒喷雾(500ml*1瓶 - 242.0)[生活],329.0
生态巢蜜(2盒装（220g/盒） - 87.0)[],日本雪平锅(22cm - 229.0)[],316.0
蔗汁红糖(姜母红糖(糖块) - 53.7)[],便携榨汁神器(1机身+2杯 - 279.9)[生活],333.6
蔗汁红糖(姜母红糖(糖块) - 53.7)[],多效过滤净水壶(1壶4芯 - 288.0)[],341.7
蔗汁红糖(姜母红糖(糖块) - 53.7)[],防晒小黑伞(蓝槿*1把 - 279.0)[生活],332.7
蔗汁红糖(姜母红糖(糖块) - 53.7)[],法国琥珀锅(2.5L - 279.0)[生活],332.7
蔗汁红糖(姜母红糖(糖块) - 53.7)[],阳澄湖大闸蟹礼券(588型(公3.5两 母2.5两) - 278.0)[],331.7
蔗汁红糖(姜母红糖(糖块) - 53.7)[],优选纯手工蛋糕(松露轻乳芝士2磅 - 288.0)[],341.7
蔗汁红糖(姜母红糖(糖块) - 53.7)[],优选纯手工蛋糕(百利甜情人2磅 - 288.0)[],341.7
蔗汁红糖(姜母红糖(糖块) - 53.7)[],优选纯手工蛋糕(优山美地2磅 - 288.0)[],341.7
蔗汁红糖(玫瑰红糖(糖块) - 53.7)[],便携榨汁神器(1机身+2杯 - 279.9)[生活],333.6
蔗汁红糖(玫瑰红糖(糖块) - 53.7)[],多效过滤净水壶(1壶4芯 - 288.0)[],341.7
蔗汁红糖(玫瑰红糖(糖块) - 53.7)[],防晒小黑伞(蓝槿*1把 - 279.0)[生活],332.7
蔗汁红糖(玫瑰红糖(糖块) - 53.7)[],法国琥珀锅(2.5L - 279.0)[生活],332.7
蔗汁红糖(玫瑰红糖(糖块) - 53.7)[],阳澄湖大闸蟹礼券(588型(公3.5两 母2.5两) - 278.0)[],331.7
蔗汁红糖(玫瑰红糖(糖块) - 53.7)[],优选纯手工蛋糕(松露轻乳芝士2磅 - 288.0)[],341.7
蔗汁红糖(玫瑰红糖(糖块) - 53.7)[],优选纯手工蛋糕(百利甜情人2磅 - 288.0)[],341.7
蔗汁红糖(玫瑰红糖(糖块) - 53.7)[],优选纯手工蛋糕(优山美地2磅 - 288.0)[],341.7
蔗汁红糖(原味红糖(糖粉) - 50.7)[],便携榨汁神器(1机身+2杯 - 279.9)[生活],330.6
蔗汁红糖(原味红糖(糖粉) - 50.7)[],多效过滤净水壶(1壶4芯 - 288.0)[],338.7
蔗汁红糖(原味红糖(糖粉) - 50.7)[],防晒小黑伞(蓝槿*1把 - 279.0)[生活],329.7
蔗汁红糖(原味红糖(糖粉) - 50.7)[],法国琥珀锅(2.5L - 279.0)[生活],329.7
蔗汁红糖(原味红糖(糖粉) - 50.7)[],阳澄湖大闸蟹礼券(588型(公3.5两 母2.5两) - 278.0)[],328.7
蔗汁红糖(原味红糖(糖粉) - 50.7)[],优选纯手工蛋糕(松露轻乳芝士2磅 - 288.0)[],338.7
蔗汁红糖(原味红糖(糖粉) - 50.7)[],优选纯手工蛋糕(百利甜情人2磅 - 288.0)[],338.7
蔗汁红糖(原味红糖(糖粉) - 50.7)[],优选纯手工蛋糕(优山美地2磅 - 288.0)[],338.7
红心火龙果(5斤装 - 99.9)[],巨无霸金奇异果(整件25粒装(130~140g/粒) - 225.8)[],325.7
红心火龙果(5斤装 - 99.9)[],稻壳抗菌防霉砧板(中号(27.7*39.7cm) - 219.0)[],318.9
红心火龙果(5斤装 - 99.9)[],台湾白因子消毒喷雾(500ml*1瓶 - 242.0)[生活],341.9
红心火龙果(5斤装 - 99.9)[],日本雪平锅(22cm - 229.0)[],328.9
每日坚果(30袋月套餐 - 128.0)[],厄瓜多尔白虾(1盒装(2Kg/盒) - 199.0)[],327.0
每日坚果(30袋月套餐 - 128.0)[],多功能清洁膏(清洁膏+护理膏套装 - 209.9)[],337.9
每日坚果(30袋月套餐 - 128.0)[],德国皮具护理膏(清洁膏+护理膏套装 - 209.9)[],337.9
每日坚果(30袋月套餐 - 128.0)[],日本雪平锅(20cm - 199.0)[],327.0
每日坚果(30袋月套餐 - 128.0)[],优选纯手工蛋糕(松露轻乳芝士1磅 - 196.0)[],324.0
每日坚果(30袋月套餐 - 128.0)[],优选纯手工蛋糕(百利甜情人1磅 - 196.0)[],324.0
每日坚果(30袋月套餐 - 128.0)[],优选纯手工蛋糕(优山美地1磅 - 196.0)[],324.0
每日坚果(30袋月套餐 - 128.0)[],便携式折叠电水壶(灰色0.6L - 189.0)[],317.0
五彩野鸡蛋(30枚装（约25g/枚） - 66.6)[],进口不粘锅(煎锅 28cm - 259.0)[],325.6
五彩野鸡蛋(30枚装（约25g/枚） - 66.6)[],阳澄湖大闸蟹礼券(588型(公3.5两 母2.5两) - 278.0)[],344.6
福建肉燕(6袋装 - 108.0)[],巨无霸金奇异果(整件25粒装(130~140g/粒) - 225.8)[],333.8
福建肉燕(6袋装 - 108.0)[],多功能清洁膏(清洁膏+护理膏套装 - 209.9)[],317.9
福建肉燕(6袋装 - 108.0)[],德国皮具护理膏(清洁膏+护理膏套装 - 209.9)[],317.9
福建肉燕(6袋装 - 108.0)[],稻壳抗菌防霉砧板(中号(27.7*39.7cm) - 219.0)[],327.0
福建肉燕(6袋装 - 108.0)[],日本雪平锅(22cm - 229.0)[],337.0
舟山带鱼(2袋装（500g/袋） - 79.9)[],台湾白因子消毒喷雾(500ml*1瓶 - 242.0)[生活],321.9
舟山带鱼(2袋装（500g/袋） - 79.9)[],进口不粘锅(煎锅 28cm - 259.0)[],338.9
手工清真牛肉酱(2瓶装 - 59.9)[],便携榨汁神器(1机身+2杯 - 279.9)[生活],339.8
手工清真牛肉酱(2瓶装 - 59.9)[],防晒小黑伞(蓝槿*1把 - 279.0)[生活],338.9
手工清真牛肉酱(2瓶装 - 59.9)[],法国琥珀锅(2.5L - 279.0)[生活],338.9
手工清真牛肉酱(2瓶装 - 59.9)[],进口不粘锅(煎锅 28cm - 259.0)[],318.9
手工清真牛肉酱(2瓶装 - 59.9)[],阳澄湖大闸蟹礼券(588型(公3.5两 母2.5两) - 278.0)[],337.9
沁州黄小米(5袋装(500g/袋) - 79.9)[],台湾白因子消毒喷雾(500ml*1瓶 - 242.0)[生活],321.9
沁州黄小米(5袋装(500g/袋) - 79.9)[],进口不粘锅(煎锅 28cm - 259.0)[],338.9
柳州螺蛳粉(5盒装（280g/盒） - 69.0)[],进口不粘锅(煎锅 28cm - 259.0)[],328.0
藜麦(3袋装(360g/袋) - 80.0)[],台湾白因子消毒喷雾(500ml*1瓶 - 242.0)[生活],322.0
藜麦(3袋装(360g/袋) - 80.0)[],进口不粘锅(煎锅 28cm - 259.0)[],339.0
瑶鸡(大号1只装(净重2.5斤) - 115.0)[],巨无霸金奇异果(整件25粒装(130~140g/粒) - 225.8)[],340.8
瑶鸡(大号1只装(净重2.5斤) - 115.0)[],多功能清洁膏(清洁膏+护理膏套装 - 209.9)[],324.9
瑶鸡(大号1只装(净重2.5斤) - 115.0)[],德国皮具护理膏(清洁膏+护理膏套装 - 209.9)[],324.9
瑶鸡(大号1只装(净重2.5斤) - 115.0)[],稻壳抗菌防霉砧板(中号(27.7*39.7cm) - 219.0)[],334.0
瑶鸡(大号1只装(净重2.5斤) - 115.0)[],日本雪平锅(22cm - 229.0)[],344.0
瑶鸡(中号1只装(净重1.8-2斤) - 99.0)[],巨无霸金奇异果(整件25粒装(130~140g/粒) - 225.8)[],324.8
瑶鸡(中号1只装(净重1.8-2斤) - 99.0)[],稻壳抗菌防霉砧板(中号(27.7*39.7cm) - 219.0)[],318.0
瑶鸡(中号1只装(净重1.8-2斤) - 99.0)[],台湾白因子消毒喷雾(500ml*1瓶 - 242.0)[生活],341.0
瑶鸡(中号1只装(净重1.8-2斤) - 99.0)[],日本雪平锅(22cm - 229.0)[],328.0
椴树蜂蜜(1瓶装(350g) - 89.0)[椴树蜜福利],台湾白因子消毒喷雾(500ml*1瓶 - 242.0)[生活],331.0
椴树蜂蜜(1瓶装(350g) - 89.0)[椴树蜜福利],日本雪平锅(22cm - 229.0)[],318.0
椴树蜂蜜(1瓶礼盒装 - 89.0)[椴树蜜福利],台湾白因子消毒喷雾(500ml*1瓶 - 242.0)[生活],331.0
椴树蜂蜜(1瓶礼盒装 - 89.0)[椴树蜜福利],日本雪平锅(22cm - 229.0)[],318.0
冰鲜多宝鱼(1条(约600g) - 77.0)[],台湾白因子消毒喷雾(500ml*1瓶 - 242.0)[生活],319.0
冰鲜多宝鱼(1条(约600g) - 77.0)[],进口不粘锅(煎锅 28cm - 259.0)[],336.0
安格斯牛肉(牛腩切条500g - 79.8)[],台湾白因子消毒喷雾(500ml*1瓶 - 242.0)[生活],321.8
安格斯牛肉(牛腩切条500g - 79.8)[],进口不粘锅(煎锅 28cm - 259.0)[],338.8
安格斯牛肉(牛腱子500g - 93.8)[],巨无霸金奇异果(整件25粒装(130~140g/粒) - 225.8)[],319.6
安格斯牛肉(牛腱子500g - 93.8)[],台湾白因子消毒喷雾(500ml*1瓶 - 242.0)[生活],335.8
安格斯牛肉(牛腱子500g - 93.8)[],日本雪平锅(22cm - 229.0)[],322.8
安格斯牛仔骨(500g(约4-5片) - 89.9)[],巨无霸金奇异果(整件25粒装(130~140g/粒) - 225.8)[],315.7
安格斯牛仔骨(500g(约4-5片) - 89.9)[],台湾白因子消毒喷雾(500ml*1瓶 - 242.0)[生活],331.9
安格斯牛仔骨(500g(约4-5片) - 89.9)[],日本雪平锅(22cm - 229.0)[],318.9
北极甜虾(1Kg - 99.9)[],巨无霸金奇异果(整件25粒装(130~140g/粒) - 225.8)[],325.7
北极甜虾(1Kg - 99.9)[],稻壳抗菌防霉砧板(中号(27.7*39.7cm) - 219.0)[],318.9
北极甜虾(1Kg - 99.9)[],台湾白因子消毒喷雾(500ml*1瓶 - 242.0)[生活],341.9
北极甜虾(1Kg - 99.9)[],日本雪平锅(22cm - 229.0)[],328.9
手工面(4袋装(400g/袋) - 55.0)[],便携榨汁神器(1机身+2杯 - 279.9)[生活],334.9
手工面(4袋装(400g/袋) - 55.0)[],多效过滤净水壶(1壶4芯 - 288.0)[],343.0
手工面(4袋装(400g/袋) - 55.0)[],防晒小黑伞(蓝槿*1把 - 279.0)[生活],334.0
手工面(4袋装(400g/袋) - 55.0)[],法国琥珀锅(2.5L - 279.0)[生活],334.0
手工面(4袋装(400g/袋) - 55.0)[],阳澄湖大闸蟹礼券(588型(公3.5两 母2.5两) - 278.0)[],333.0
手工面(4袋装(400g/袋) - 55.0)[],优选纯手工蛋糕(松露轻乳芝士2磅 - 288.0)[],343.0
手工面(4袋装(400g/袋) - 55.0)[],优选纯手工蛋糕(百利甜情人2磅 - 288.0)[],343.0
手工面(4袋装(400g/袋) - 55.0)[],优选纯手工蛋糕(优山美地2磅 - 288.0)[],343.0
法国猪肋排(4袋装(500g/袋) - 129.0)[],厄瓜多尔白虾(1盒装(2Kg/盒) - 199.0)[],328.0
法国猪肋排(4袋装(500g/袋) - 129.0)[],多功能清洁膏(清洁膏+护理膏套装 - 209.9)[],338.9
法国猪肋排(4袋装(500g/袋) - 129.0)[],德国皮具护理膏(清洁膏+护理膏套装 - 209.9)[],338.9
法国猪肋排(4袋装(500g/袋) - 129.0)[],日本雪平锅(20cm - 199.0)[],328.0
法国猪肋排(4袋装(500g/袋) - 129.0)[],优选纯手工蛋糕(松露轻乳芝士1磅 - 196.0)[],325.0
法国猪肋排(4袋装(500g/袋) - 129.0)[],优选纯手工蛋糕(百利甜情人1磅 - 196.0)[],325.0
法国猪肋排(4袋装(500g/袋) - 129.0)[],优选纯手工蛋糕(优山美地1磅 - 196.0)[],325.0
法国猪肋排(4袋装(500g/袋) - 129.0)[],便携式折叠电水壶(灰色0.6L - 189.0)[],318.0
法国猪肋排(2袋装(500g/袋) - 74.8)[],台湾白因子消毒喷雾(500ml*1瓶 - 242.0)[生活],316.8
法国猪肋排(2袋装(500g/袋) - 74.8)[],进口不粘锅(煎锅 28cm - 259.0)[],333.8
厄瓜多尔白虾(1盒装(2Kg/盒) - 199.0)[],巨无霸金奇异果(12粒装(130~140g/粒) - 118.8)[],317.8
厄瓜多尔白虾(1盒装(2Kg/盒) - 199.0)[],麻辣小海鲜(海龙虾(300g/盒) - 117.0)[],316.0
厄瓜多尔白虾(1盒装(2Kg/盒) - 199.0)[],净水器替换滤芯(3只装 - 119.0)[],318.0
厄瓜多尔白虾(1盒装(2Kg/盒) - 199.0)[],法国儿童驱蚊手环(百变公主 - 118.0)[生活],317.0
厄瓜多尔白虾(1盒装(2Kg/盒) - 199.0)[],法国儿童驱蚊手环(巨嘴鸟 - 118.0)[生活],317.0
厄瓜多尔白虾(1盒装(2Kg/盒) - 199.0)[],法国儿童驱蚊手环(顽皮鳄鱼 - 118.0)[生活],317.0
厄瓜多尔白虾(1盒装(2Kg/盒) - 199.0)[],法国儿童驱蚊手环(北极熊 - 118.0)[生活],317.0
厄瓜多尔白虾(1盒装(2Kg/盒) - 199.0)[],法国儿童驱蚊手环(可口冰淇淋 - 118.0)[生活],317.0
厄瓜多尔白虾(1盒装(2Kg/盒) - 199.0)[],法国儿童驱蚊手环(创意玩具 - 118.0)[生活],317.0
厄瓜多尔白虾(1盒装(2Kg/盒) - 199.0)[],湖南米粉(香辣牛杂(中辣) - 124.5)[],323.5
厄瓜多尔白虾(1盒装(2Kg/盒) - 199.0)[],湖南米粉(清炖牛肉(不辣) - 129.5)[],328.5
厄瓜多尔白虾(1盒装(2Kg/盒) - 199.0)[],原香花生油(2瓶装(750ml/瓶) - 139.0)[],338.0
厄瓜多尔白虾(1盒装(2Kg/盒) - 199.0)[],儿童便携水壶(小猫头鹰 - 119.0)[生活],318.0
厄瓜多尔白虾(1盒装(2Kg/盒) - 199.0)[],儿童便携水壶(太空旅行 - 119.0)[生活],318.0
厄瓜多尔白虾(1盒装(2Kg/盒) - 199.0)[],儿童便携水壶(长颈鹿 - 119.0)[生活],318.0
厄瓜多尔白虾(1盒装(2Kg/盒) - 199.0)[],儿童便携水壶(萌宠猫咪 - 119.0)[生活],318.0
厄瓜多尔白虾(1盒装(2Kg/盒) - 199.0)[],儿童便携水壶(运动 - 119.0)[生活],318.0
厄瓜多尔白虾(1盒装(2Kg/盒) - 199.0)[],便携自加热鸡汤(乌鸡汤4罐装 - 119.0)[],318.0
厄瓜多尔白虾(1盒装(2Kg/盒) - 199.0)[],稻壳抗菌防霉砧板(小号(22.7*31.9cm) - 129.0)[],328.0
厄瓜多尔白虾(1盒装(2Kg/盒) - 199.0)[],香脆夹心海苔(香蕉味*4罐(52g/罐) - 119.0)[],318.0
厄瓜多尔白虾(1盒装(2Kg/盒) - 199.0)[],香脆夹心海苔(芝麻味*4罐(60g/罐) - 119.0)[],318.0
厄瓜多尔白虾(1盒装(2Kg/盒) - 199.0)[],意大利特级初榨橄榄油(2瓶装(500ml) - 125.0)[],324.0
厄瓜多尔白虾(1盒装(2Kg/盒) - 199.0)[],秘鲁蓝莓(6盒装(120g/盒) - 122.8)[],321.8
厄瓜多尔白虾(1盒装(2Kg/盒) - 199.0)[],英国王妃梳(粉红豹 - 118.0)[生活],317.0
厄瓜多尔白虾(1盒装(2Kg/盒) - 199.0)[],英国王妃梳(冰雪奇缘 - 118.0)[生活],317.0
厄瓜多尔白虾(1盒装(2Kg/盒) - 199.0)[],英国王妃梳(粉色波点 - 118.0)[生活],317.0
厄瓜多尔白虾(1盒装(2Kg/盒) - 199.0)[],英国王妃梳(热带丛林 - 118.0)[生活],317.0
厄瓜多尔白虾(1盒装(2Kg/盒) - 199.0)[],KN95级防颗粒物口罩（成人款、儿童款）(成人款25只 - 119.0)[],318.0
厄瓜多尔白虾(1盒装(2Kg/盒) - 199.0)[],稻花香大米(5Kg - 118.0)[],317.0
风味腊肠(怪味腊肠 - 99.8)[],巨无霸金奇异果(整件25粒装(130~140g/粒) - 225.8)[],325.6
风味腊肠(怪味腊肠 - 99.8)[],稻壳抗菌防霉砧板(中号(27.7*39.7cm) - 219.0)[],318.8
风味腊肠(怪味腊肠 - 99.8)[],台湾白因子消毒喷雾(500ml*1瓶 - 242.0)[生活],341.8
风味腊肠(怪味腊肠 - 99.8)[],日本雪平锅(22cm - 229.0)[],328.8
风味腊肠(广式腊肠 - 99.8)[],巨无霸金奇异果(整件25粒装(130~140g/粒) - 225.8)[],325.6
风味腊肠(广式腊肠 - 99.8)[],稻壳抗菌防霉砧板(中号(27.7*39.7cm) - 219.0)[],318.8
风味腊肠(广式腊肠 - 99.8)[],台湾白因子消毒喷雾(500ml*1瓶 - 242.0)[生活],341.8
风味腊肠(广式腊肠 - 99.8)[],日本雪平锅(22cm - 229.0)[],328.8
重庆小面(6袋装(240g/袋) - 85.0)[],台湾白因子消毒喷雾(500ml*1瓶 - 242.0)[生活],327.0
重庆小面(6袋装(240g/袋) - 85.0)[],进口不粘锅(煎锅 28cm - 259.0)[],344.0
巨无霸金奇异果(整件25粒装(130~140g/粒) - 225.8)[],巨无霸金奇异果(12粒装(130~140g/粒) - 118.8)[],344.6
巨无霸金奇异果(整件25粒装(130~140g/粒) - 225.8)[],珍珠小笼包(果蔬味(40个) - 99.8)[],325.6
巨无霸金奇异果(整件25粒装(130~140g/粒) - 225.8)[],多功能清洁膏(清洁膏1盒装(300g/盒) - 109.9)[],335.7
巨无霸金奇异果(整件25粒装(130~140g/粒) - 225.8)[],越南腰果(原味 - 92.0)[],317.8
巨无霸金奇异果(整件25粒装(130~140g/粒) - 225.8)[],越南腰果(盐焗味 - 92.0)[],317.8
巨无霸金奇异果(整件25粒装(130~140g/粒) - 225.8)[],麻辣小海鲜(鱿鱼嘴(250g/盒) - 105.0)[],330.8
巨无霸金奇异果(整件25粒装(130~140g/粒) - 225.8)[],麻辣小海鲜(鱿鱼头(250g/盒) - 105.0)[],330.8
巨无霸金奇异果(整件25粒装(130~140g/粒) - 225.8)[],麻辣小海鲜(海龙虾(300g/盒) - 117.0)[],342.8
巨无霸金奇异果(整件25粒装(130~140g/粒) - 225.8)[],净水器替换滤芯(3只装 - 119.0)[],344.8
巨无霸金奇异果(整件25粒装(130~140g/粒) - 225.8)[],泰国椰青(9粒装 - 99.9)[],325.7
巨无霸金奇异果(整件25粒装(130~140g/粒) - 225.8)[],泰国椰青(9粒装(无开椰器) - 89.9)[],315.7
巨无霸金奇异果(整件25粒装(130~140g/粒) - 225.8)[],散养柴猪肉(柴猪蹄450-500g - 98.7)[],324.5
巨无霸金奇异果(整件25粒装(130~140g/粒) - 225.8)[],散养柴猪肉(五花肉500g - 104.7)[],330.5
巨无霸金奇异果(整件25粒装(130~140g/粒) - 225.8)[],南极银鳕鱼(犬牙鱼)(1盒装（200g） - 99.9)[],325.7
巨无霸金奇异果(整件25粒装(130~140g/粒) - 225.8)[],德国削皮刀(1把 - 108.0)[],333.8
巨无霸金奇异果(整件25粒装(130~140g/粒) - 225.8)[],法国儿童驱蚊手环(百变公主 - 118.0)[生活],343.8
巨无霸金奇异果(整件25粒装(130~140g/粒) - 225.8)[],法国儿童驱蚊手环(巨嘴鸟 - 118.0)[生活],343.8
巨无霸金奇异果(整件25粒装(130~140g/粒) - 225.8)[],法国儿童驱蚊手环(顽皮鳄鱼 - 118.0)[生活],343.8
巨无霸金奇异果(整件25粒装(130~140g/粒) - 225.8)[],法国儿童驱蚊手环(北极熊 - 118.0)[生活],343.8
巨无霸金奇异果(整件25粒装(130~140g/粒) - 225.8)[],法国儿童驱蚊手环(可口冰淇淋 - 118.0)[生活],343.8
巨无霸金奇异果(整件25粒装(130~140g/粒) - 225.8)[],法国儿童驱蚊手环(创意玩具 - 118.0)[生活],343.8
巨无霸金奇异果(整件25粒装(130~140g/粒) - 225.8)[],德国皮具护理膏(护理膏1盒装(250ml/盒) - 109.9)[],335.7
巨无霸金奇异果(整件25粒装(130~140g/粒) - 225.8)[],湖南米粉(红烧牛肉(微辣) - 109.5)[],335.3
巨无霸金奇异果(整件25粒装(130~140g/粒) - 225.8)[],鳕鱼水饺(鳕鱼芹菜 - 90.0)[],315.8
巨无霸金奇异果(整件25粒装(130~140g/粒) - 225.8)[],鳕鱼水饺(鳕鱼韭菜 - 90.0)[],315.8
巨无霸金奇异果(整件25粒装(130~140g/粒) - 225.8)[],儿童便携水壶(小猫头鹰 - 119.0)[生活],344.8
巨无霸金奇异果(整件25粒装(130~140g/粒) - 225.8)[],儿童便携水壶(太空旅行 - 119.0)[生活],344.8
巨无霸金奇异果(整件25粒装(130~140g/粒) - 225.8)[],儿童便携水壶(长颈鹿 - 119.0)[生活],344.8
巨无霸金奇异果(整件25粒装(130~140g/粒) - 225.8)[],儿童便携水壶(萌宠猫咪 - 119.0)[生活],344.8
巨无霸金奇异果(整件25粒装(130~140g/粒) - 225.8)[],儿童便携水壶(运动 - 119.0)[生活],344.8
巨无霸金奇异果(整件25粒装(130~140g/粒) - 225.8)[],便携自加热鸡汤(乌鸡汤4罐装 - 119.0)[],344.8
巨无霸金奇异果(整件25粒装(130~140g/粒) - 225.8)[],便携自加热鸡汤(核桃鸡汤4罐装 - 115.0)[],340.8
巨无霸金奇异果(整件25粒装(130~140g/粒) - 225.8)[],伊朗紫衣开心果(盐焗味 - 90.0)[],315.8
巨无霸金奇异果(整件25粒装(130~140g/粒) - 225.8)[],伊朗紫衣开心果(原味 - 90.0)[],315.8
巨无霸金奇异果(整件25粒装(130~140g/粒) - 225.8)[],传统厚片纯燕麦片(燕麦麸皮 - 90.0)[],315.8
巨无霸金奇异果(整件25粒装(130~140g/粒) - 225.8)[],传统厚片纯燕麦片(厚片纯燕麦片 - 90.0)[],315.8
巨无霸金奇异果(整件25粒装(130~140g/粒) - 225.8)[],传统厚片纯燕麦片(谷物杂粮麦片 - 90.0)[],315.8
巨无霸金奇异果(整件25粒装(130~140g/粒) - 225.8)[],裸酸奶(原味(1.08Kg/瓶) - 98.4)[],324.2
巨无霸金奇异果(整件25粒装(130~140g/粒) - 225.8)[],裸酸奶(高蛋白*3瓶(100g/瓶) - 95.4)[],321.2
巨无霸金奇异果(整件25粒装(130~140g/粒) - 225.8)[],麻辣小龙虾(龙虾2盒装(每盒15-18只) - 89.9)[],315.7
巨无霸金奇异果(整件25粒装(130~140g/粒) - 225.8)[],挪威北极真鳕鱼(2斤装 - 114.9)[],340.7
巨无霸金奇异果(整件25粒装(130~140g/粒) - 225.8)[],天然稻谷壳筷子(10双 - 109.0)[生活],334.8
巨无霸金奇异果(整件25粒装(130~140g/粒) - 225.8)[],儿童棒棒奶酪(原味500g*2袋 - 112.0)[],337.8
巨无霸金奇异果(整件25粒装(130~140g/粒) - 225.8)[],儿童棒棒奶酪(混合水果味500g*2袋 - 112.0)[],337.8
巨无霸金奇异果(整件25粒装(130~140g/粒) - 225.8)[],台湾白因子消毒喷雾(50ml*2瓶 - 99.0)[生活],324.8
巨无霸金奇异果(整件25粒装(130~140g/粒) - 225.8)[],台湾白因子消毒喷雾(100ml*1瓶 - 90.0)[生活],315.8
巨无霸金奇异果(整件25粒装(130~140g/粒) - 225.8)[],正宗内蒙古牛肉干(原味 - 101.4)[],327.2
巨无霸金奇异果(整件25粒装(130~140g/粒) - 225.8)[],正宗内蒙古牛肉干(五香味 - 101.4)[],327.2
巨无霸金奇异果(整件25粒装(130~140g/粒) - 225.8)[],正宗内蒙古牛肉干(香辣味 - 101.4)[],327.2
巨无霸金奇异果(整件25粒装(130~140g/粒) - 225.8)[],香脆夹心海苔(香蕉味*4罐(52g/罐) - 119.0)[],344.8
巨无霸金奇异果(整件25粒装(130~140g/粒) - 225.8)[],香脆夹心海苔(芝麻味*4罐(60g/罐) - 119.0)[],344.8
巨无霸金奇异果(整件25粒装(130~140g/粒) - 225.8)[],台湾黑糖小饼干(5袋装(200g/袋) - 89.9)[],315.7
巨无霸金奇异果(整件25粒装(130~140g/粒) - 225.8)[],秘鲁蓝莓(4盒装(120g/盒) - 99.0)[],324.8
巨无霸金奇异果(整件25粒装(130~140g/粒) - 225.8)[],英国王妃梳(粉红豹 - 118.0)[生活],343.8
巨无霸金奇异果(整件25粒装(130~140g/粒) - 225.8)[],英国王妃梳(冰雪奇缘 - 118.0)[生活],343.8
巨无霸金奇异果(整件25粒装(130~140g/粒) - 225.8)[],英国王妃梳(粉色波点 - 118.0)[生活],343.8
巨无霸金奇异果(整件25粒装(130~140g/粒) - 225.8)[],英国王妃梳(热带丛林 - 118.0)[生活],343.8
巨无霸金奇异果(整件25粒装(130~140g/粒) - 225.8)[],广式&传统速食早点系列(乌金流沙包(40g*6个) - 96.0)[],321.8
巨无霸金奇异果(整件25粒装(130~140g/粒) - 225.8)[],云南华坪凯特芒果(6斤装(3-5个) - 99.9)[],325.7
巨无霸金奇异果(整件25粒装(130~140g/粒) - 225.8)[],蒲江红心猕猴桃(18粒装 - 89.9)[],315.7
巨无霸金奇异果(整件25粒装(130~140g/粒) - 225.8)[],KN95级防颗粒物口罩（成人款、儿童款）(成人款25只 - 119.0)[],344.8
巨无霸金奇异果(整件25粒装(130~140g/粒) - 225.8)[],KN95级防颗粒物口罩（成人款、儿童款）(黄色小鹿5只 - 99.0)[],324.8
巨无霸金奇异果(整件25粒装(130~140g/粒) - 225.8)[],KN95级防颗粒物口罩（成人款、儿童款）(棕色小熊5只 - 99.0)[],324.8
巨无霸金奇异果(整件25粒装(130~140g/粒) - 225.8)[],KN95级防颗粒物口罩（成人款、儿童款）(红色老虎5只 - 99.0)[],324.8
巨无霸金奇异果(整件25粒装(130~140g/粒) - 225.8)[],KN95级防颗粒物口罩（成人款、儿童款）(粉色斑马5只 - 99.0)[],324.8
巨无霸金奇异果(整件25粒装(130~140g/粒) - 225.8)[],稻花香大米(5Kg - 118.0)[],343.8
巨无霸金奇异果(整件25粒装(130~140g/粒) - 225.8)[],新派腊肉(2袋装(400g/袋) - 89.9)[],315.7
巨无霸金奇异果(整件25粒装(130~140g/粒) - 225.8)[],即食红枣枸杞银耳汤(2盒装(90g/盒) - 89.6)[],315.4
巨无霸金奇异果(整件25粒装(130~140g/粒) - 225.8)[],冷榨亚麻籽油(4瓶装(500ml/瓶) - 115.0)[],340.8
巨无霸金奇异果(整件25粒装(130~140g/粒) - 225.8)[],雪山冻干枸杞(1盒装(160g) - 89.9)[],315.7
巨无霸金奇异果(整件25粒装(130~140g/粒) - 225.8)[],老北京五香酱牛肉(3袋装(200g/袋) - 116.0)[],341.8
巨无霸金奇异果(整件25粒装(130~140g/粒) - 225.8)[],兰州水果百合(6年生三头皇3袋装（160-180g/袋） - 89.9)[],315.7
巨无霸金奇异果(整件25粒装(130~140g/粒) - 225.8)[],养生汤料组合(姬松茸红枣 - 108.0)[],333.8
巨无霸金奇异果(整件25粒装(130~140g/粒) - 225.8)[],养生汤料组合(虫草花干贝 - 108.0)[],333.8
巨无霸金奇异果(整件25粒装(130~140g/粒) - 225.8)[],蒲烧鳗鱼(1袋装(271g/袋) - 89.9)[],315.7
巨无霸金奇异果(整件25粒装(130~140g/粒) - 225.8)[],便捷自烤欧式面包(烟熏芝士面包(50g*4个) - 115.0)[],340.8
巨无霸金奇异果(整件25粒装(130~140g/粒) - 225.8)[],便捷自烤欧式面包(全麦法棍(100g*3个) - 90.0)[],315.8
巨无霸金奇异果(整件25粒装(130~140g/粒) - 225.8)[],便捷自烤欧式面包(碱圈(80g*4个) - 90.0)[],315.8
巨无霸金奇异果(整件25粒装(130~140g/粒) - 225.8)[],强效干洗清洁剂(1瓶(946ml/瓶)，赠擦拭布一块 - 98.0)[],323.8
巨无霸金奇异果(12粒装(130~140g/粒) - 118.8)[],多功能清洁膏(清洁膏+护理膏套装 - 209.9)[],328.7
巨无霸金奇异果(12粒装(130~140g/粒) - 118.8)[],德国皮具护理膏(清洁膏+护理膏套装 - 209.9)[],328.7
巨无霸金奇异果(12粒装(130~140g/粒) - 118.8)[],稻壳抗菌防霉砧板(中号(27.7*39.7cm) - 219.0)[],337.8
巨无霸金奇异果(12粒装(130~140g/粒) - 118.8)[],日本雪平锅(20cm - 199.0)[],317.8
珍珠小笼包(经典原味(45个) - 85.8)[],台湾白因子消毒喷雾(500ml*1瓶 - 242.0)[生活],327.8
珍珠小笼包(经典原味(45个) - 85.8)[],进口不粘锅(煎锅 28cm - 259.0)[],344.8
珍珠小笼包(果蔬味(40个) - 99.8)[],稻壳抗菌防霉砧板(中号(27.7*39.7cm) - 219.0)[],318.8
珍珠小笼包(果蔬味(40个) - 99.8)[],台湾白因子消毒喷雾(500ml*1瓶 - 242.0)[生活],341.8
珍珠小笼包(果蔬味(40个) - 99.8)[],日本雪平锅(22cm - 229.0)[],328.8
便携榨汁神器(1机身+2杯 - 279.9)[生活],生态鲜腐竹(5袋装(160g/袋) - 49.9)[],329.8
便携榨汁神器(1机身+2杯 - 279.9)[生活],泰国椰青(4粒装 - 54.9)[],334.8
便携榨汁神器(1机身+2杯 - 279.9)[生活],五常粥米(3Kg - 54.9)[],334.8
便携榨汁神器(1机身+2杯 - 279.9)[生活],泰国龙眼(A级金标龙眼2Kg - 52.8)[],332.7
便携榨汁神器(1机身+2杯 - 279.9)[生活],海南高山青柠檬(有籽柠檬3斤装 - 36.8)[],316.7
便携榨汁神器(1机身+2杯 - 279.9)[生活],原生竹浆本色纸(抽纸20包(110抽*3层) - 59.9)[],339.8
便携榨汁神器(1机身+2杯 - 279.9)[生活],原生竹浆本色纸(卷纸24卷(120g/卷) - 59.9)[],339.8
便携榨汁神器(1机身+2杯 - 279.9)[生活],原生竹浆本色纸(手帕纸60包(8片*4层) - 42.8)[],322.7
便携榨汁神器(1机身+2杯 - 279.9)[生活],迁西甘栗仁(12袋装(50g/袋) - 62.0)[],341.9
便携榨汁神器(1机身+2杯 - 279.9)[生活],加拿大油壶(橙灰色*1只 - 58.0)[],337.9
便携榨汁神器(1机身+2杯 - 279.9)[生活],加拿大油壶(紫灰色*1只 - 58.0)[],337.9
便携榨汁神器(1机身+2杯 - 279.9)[生活],加拿大油壶(绿灰色*1只 - 58.0)[],337.9
便携榨汁神器(1机身+2杯 - 279.9)[生活],捷克式熟酸奶(8瓶装(245ml/瓶) - 65.0)[],344.9
便携榨汁神器(1机身+2杯 - 279.9)[生活],无添加猪肉松(原味 - 63.8)[],343.7
便携榨汁神器(1机身+2杯 - 279.9)[生活],无添加猪肉松(海苔味 - 63.8)[],343.7
便携榨汁神器(1机身+2杯 - 279.9)[生活],智利牛油果(6粒装(165g±10g/粒) - 56.8)[],336.7
便携榨汁神器(1机身+2杯 - 279.9)[生活],香草海盐(1瓶装(150g/瓶) - 56.6)[],336.5
便携榨汁神器(1机身+2杯 - 279.9)[生活],酸甜蜜饯组合(普通梅片(50g/袋) - 44.5)[],324.4
便携榨汁神器(1机身+2杯 - 279.9)[生活],酸甜蜜饯组合(紫苏梅片(35g/袋) - 37.5)[],317.4
便携榨汁神器(1机身+2杯 - 279.9)[生活],酸甜蜜饯组合(原味梅粒(50g/袋) - 49.5)[],329.4
便携榨汁神器(1机身+2杯 - 279.9)[生活],酸甜蜜饯组合(黄桃干(55g/袋) - 48.0)[],327.9
便携榨汁神器(1机身+2杯 - 279.9)[生活],现磨三色胡椒(1瓶装(100g/瓶) - 56.6)[],336.5
便携榨汁神器(1机身+2杯 - 279.9)[生活],无添加两年特调酱油(1瓶(250ml/瓶) - 55.0)[],334.9
便携榨汁神器(1机身+2杯 - 279.9)[生活],波兰曲奇饼干(榛子奶油味 - 59.6)[],339.5
便携榨汁神器(1机身+2杯 - 279.9)[生活],波兰曲奇饼干(巧克力碎榛子奶油味 - 59.6)[],339.5
便携榨汁神器(1机身+2杯 - 279.9)[生活],波兰曲奇饼干(巧克力奶油味 - 59.6)[],339.5
便携榨汁神器(1机身+2杯 - 279.9)[生活],波兰曲奇饼干(巧克力碎奶油味 - 59.6)[],339.5
便携榨汁神器(1机身+2杯 - 279.9)[生活],山楂优块(6袋装(128g/袋) - 49.0)[],328.9
便携榨汁神器(1机身+2杯 - 279.9)[生活],古田鲜银耳(5朵装 - 59.9)[],339.8
便携榨汁神器(1机身+2杯 - 279.9)[生活],美国水果胡萝卜(2袋装(340g/袋) - 59.9)[],339.8
便携榨汁神器(1机身+2杯 - 279.9)[生活],纯天然植物牙膏(凤梨酵素牙膏(100g) - 65.0)[],344.9
便携榨汁神器(1机身+2杯 - 279.9)[生活],菇娘果(3斤装 - 45.0)[],324.9
便携榨汁神器(1机身+2杯 - 279.9)[生活],散养土鸡鸡肉系列(鸡大胸1Kg - 39.9)[],319.8
便携榨汁神器(1机身+2杯 - 279.9)[生活],散养土鸡鸡肉系列(鸡翅根1Kg - 49.9)[],329.8
便携榨汁神器(1机身+2杯 - 279.9)[生活],进口儿童防滑餐具(猫头鹰套装(绿蓝) - 61.0)[生活],340.9
便携榨汁神器(1机身+2杯 - 279.9)[生活],进口儿童防滑餐具(猫头鹰套装(粉紫) - 61.0)[生活],340.9
便携榨汁神器(1机身+2杯 - 279.9)[生活],进口儿童防滑餐具(长颈鹿套装(绿蓝) - 61.0)[生活],340.9
便携榨汁神器(1机身+2杯 - 279.9)[生活],进口儿童防滑餐具(长颈鹿套装(粉紫) - 61.0)[生活],340.9
便携榨汁神器(1机身+2杯 - 279.9)[生活],六鳌红蜜薯(5斤装 - 48.8)[],328.7
便携榨汁神器(1机身+2杯 - 279.9)[生活],天然纯棉巾(2盒装 - 48.0)[生活],327.9
便携榨汁神器(1机身+2杯 - 279.9)[生活],广式&传统速食早点系列(小白菜包子(80g*4个) - 56.0)[],335.9
便携榨汁神器(1机身+2杯 - 279.9)[生活],广式&传统速食早点系列(精品馒头(80g*4个) - 48.0)[],327.9
便携榨汁神器(1机身+2杯 - 279.9)[生活],新疆库尔勒全母香梨(5斤装 - 59.9)[],339.8
便携榨汁神器(1机身+2杯 - 279.9)[生活],青州蜜桃(大果4斤装(约16粒) - 59.0)[],338.9
便携榨汁神器(1机身+2杯 - 279.9)[生活],青州蜜桃(小果4斤装(约23粒) - 55.0)[],334.9
便携榨汁神器(1机身+2杯 - 279.9)[生活],平和红心蜜柚(2粒装(约5斤) - 45.0)[],324.9
便携榨汁神器(1机身+2杯 - 279.9)[生活],越南紫薯(5斤装 - 43.8)[],323.7
便携榨汁神器(1机身+2杯 - 279.9)[生活],金童玉女小黄瓜(3斤装 - 55.0)[],334.9
便携榨汁神器(1机身+2杯 - 279.9)[生活],新疆贵族南瓜(1个(1.25Kg) - 43.8)[],323.7
便携榨汁神器(1机身+2杯 - 279.9)[生活],黄金蜜柚(中果2粒装(1.25-1.5Kg/粒) - 45.0)[],324.9
便携榨汁神器(1机身+2杯 - 279.9)[生活],鲜纯乳品系列（鲜奶&酸奶）(酸奶7瓶装(230g/瓶) - 59.9)[],339.8
便携榨汁神器(1机身+2杯 - 279.9)[生活],便捷自烤欧式面包(法式小面包(35g*6个) - 65.0)[],344.9
便携榨汁神器(1机身+2杯 - 279.9)[生活],便捷自烤欧式面包(软式小面包(35g*6个) - 65.0)[],344.9
多功能清洁膏(清洁膏1盒装(300g/盒) - 109.9)[],多功能清洁膏(清洁膏+护理膏套装 - 209.9)[],319.8
多功能清洁膏(清洁膏1盒装(300g/盒) - 109.9)[],德国皮具护理膏(清洁膏+护理膏套装 - 209.9)[],319.8
多功能清洁膏(清洁膏1盒装(300g/盒) - 109.9)[],稻壳抗菌防霉砧板(中号(27.7*39.7cm) - 219.0)[],328.9
多功能清洁膏(清洁膏1盒装(300g/盒) - 109.9)[],日本雪平锅(22cm - 229.0)[],338.9
多功能清洁膏(清洁膏+护理膏套装 - 209.9)[],麻辣小海鲜(海龙虾(300g/盒) - 117.0)[],326.9
多功能清洁膏(清洁膏+护理膏套装 - 209.9)[],净水器替换滤芯(3只装 - 119.0)[],328.9
多功能清洁膏(清洁膏+护理膏套装 - 209.9)[],德国削皮刀(1把 - 108.0)[],317.9
多功能清洁膏(清洁膏+护理膏套装 - 209.9)[],法国儿童驱蚊手环(百变公主 - 118.0)[生活],327.9
多功能清洁膏(清洁膏+护理膏套装 - 209.9)[],法国儿童驱蚊手环(巨嘴鸟 - 118.0)[生活],327.9
多功能清洁膏(清洁膏+护理膏套装 - 209.9)[],法国儿童驱蚊手环(顽皮鳄鱼 - 118.0)[生活],327.9
多功能清洁膏(清洁膏+护理膏套装 - 209.9)[],法国儿童驱蚊手环(北极熊 - 118.0)[生活],327.9
多功能清洁膏(清洁膏+护理膏套装 - 209.9)[],法国儿童驱蚊手环(可口冰淇淋 - 118.0)[生活],327.9
多功能清洁膏(清洁膏+护理膏套装 - 209.9)[],法国儿童驱蚊手环(创意玩具 - 118.0)[生活],327.9
多功能清洁膏(清洁膏+护理膏套装 - 209.9)[],德国皮具护理膏(护理膏1盒装(250ml/盒) - 109.9)[],319.8
多功能清洁膏(清洁膏+护理膏套装 - 209.9)[],湖南米粉(红烧牛肉(微辣) - 109.5)[],319.4
多功能清洁膏(清洁膏+护理膏套装 - 209.9)[],湖南米粉(香辣牛杂(中辣) - 124.5)[],334.4
多功能清洁膏(清洁膏+护理膏套装 - 209.9)[],湖南米粉(清炖牛肉(不辣) - 129.5)[],339.4
多功能清洁膏(清洁膏+护理膏套装 - 209.9)[],儿童便携水壶(小猫头鹰 - 119.0)[生活],328.9
多功能清洁膏(清洁膏+护理膏套装 - 209.9)[],儿童便携水壶(太空旅行 - 119.0)[生活],328.9
多功能清洁膏(清洁膏+护理膏套装 - 209.9)[],儿童便携水壶(长颈鹿 - 119.0)[生活],328.9
多功能清洁膏(清洁膏+护理膏套装 - 209.9)[],儿童便携水壶(萌宠猫咪 - 119.0)[生活],328.9
多功能清洁膏(清洁膏+护理膏套装 - 209.9)[],儿童便携水壶(运动 - 119.0)[生活],328.9
多功能清洁膏(清洁膏+护理膏套装 - 209.9)[],便携自加热鸡汤(乌鸡汤4罐装 - 119.0)[],328.9
多功能清洁膏(清洁膏+护理膏套装 - 209.9)[],便携自加热鸡汤(核桃鸡汤4罐装 - 115.0)[],324.9
多功能清洁膏(清洁膏+护理膏套装 - 209.9)[],挪威北极真鳕鱼(2斤装 - 114.9)[],324.8
多功能清洁膏(清洁膏+护理膏套装 - 209.9)[],稻壳抗菌防霉砧板(小号(22.7*31.9cm) - 129.0)[],338.9
多功能清洁膏(清洁膏+护理膏套装 - 209.9)[],天然稻谷壳筷子(10双 - 109.0)[生活],318.9
多功能清洁膏(清洁膏+护理膏套装 - 209.9)[],儿童棒棒奶酪(原味500g*2袋 - 112.0)[],321.9
多功能清洁膏(清洁膏+护理膏套装 - 209.9)[],儿童棒棒奶酪(混合水果味500g*2袋 - 112.0)[],321.9
多功能清洁膏(清洁膏+护理膏套装 - 209.9)[],香脆夹心海苔(香蕉味*4罐(52g/罐) - 119.0)[],328.9
多功能清洁膏(清洁膏+护理膏套装 - 209.9)[],香脆夹心海苔(芝麻味*4罐(60g/罐) - 119.0)[],328.9
多功能清洁膏(清洁膏+护理膏套装 - 209.9)[],意大利特级初榨橄榄油(2瓶装(500ml) - 125.0)[],334.9
多功能清洁膏(清洁膏+护理膏套装 - 209.9)[],秘鲁蓝莓(6盒装(120g/盒) - 122.8)[],332.7
多功能清洁膏(清洁膏+护理膏套装 - 209.9)[],英国王妃梳(粉红豹 - 118.0)[生活],327.9
多功能清洁膏(清洁膏+护理膏套装 - 209.9)[],英国王妃梳(冰雪奇缘 - 118.0)[生活],327.9
多功能清洁膏(清洁膏+护理膏套装 - 209.9)[],英国王妃梳(粉色波点 - 118.0)[生活],327.9
多功能清洁膏(清洁膏+护理膏套装 - 209.9)[],英国王妃梳(热带丛林 - 118.0)[生活],327.9
多功能清洁膏(清洁膏+护理膏套装 - 209.9)[],KN95级防颗粒物口罩（成人款、儿童款）(成人款25只 - 119.0)[],328.9
多功能清洁膏(清洁膏+护理膏套装 - 209.9)[],稻花香大米(5Kg - 118.0)[],327.9
多功能清洁膏(清洁膏+护理膏套装 - 209.9)[],冷榨亚麻籽油(4瓶装(500ml/瓶) - 115.0)[],324.9
多功能清洁膏(清洁膏+护理膏套装 - 209.9)[],老北京五香酱牛肉(3袋装(200g/袋) - 116.0)[],325.9
多功能清洁膏(清洁膏+护理膏套装 - 209.9)[],养生汤料组合(姬松茸红枣 - 108.0)[],317.9
多功能清洁膏(清洁膏+护理膏套装 - 209.9)[],养生汤料组合(虫草花干贝 - 108.0)[],317.9
多功能清洁膏(清洁膏+护理膏套装 - 209.9)[],便捷自烤欧式面包(烟熏芝士面包(50g*4个) - 115.0)[],324.9
越南腰果(原味 - 92.0)[],台湾白因子消毒喷雾(500ml*1瓶 - 242.0)[生活],334.0
越南腰果(原味 - 92.0)[],日本雪平锅(22cm - 229.0)[],321.0
越南腰果(盐焗味 - 92.0)[],台湾白因子消毒喷雾(500ml*1瓶 - 242.0)[生活],334.0
越南腰果(盐焗味 - 92.0)[],日本雪平锅(22cm - 229.0)[],321.0
麻辣小海鲜(鱿鱼嘴(250g/盒) - 105.0)[],稻壳抗菌防霉砧板(中号(27.7*39.7cm) - 219.0)[],324.0
麻辣小海鲜(鱿鱼嘴(250g/盒) - 105.0)[],日本雪平锅(22cm - 229.0)[],334.0
麻辣小海鲜(鱿鱼头(250g/盒) - 105.0)[],稻壳抗菌防霉砧板(中号(27.7*39.7cm) - 219.0)[],324.0
麻辣小海鲜(鱿鱼头(250g/盒) - 105.0)[],日本雪平锅(22cm - 229.0)[],334.0
麻辣小海鲜(海龙虾(300g/盒) - 117.0)[],德国皮具护理膏(清洁膏+护理膏套装 - 209.9)[],326.9
麻辣小海鲜(海龙虾(300g/盒) - 117.0)[],稻壳抗菌防霉砧板(中号(27.7*39.7cm) - 219.0)[],336.0
麻辣小海鲜(海龙虾(300g/盒) - 117.0)[],日本雪平锅(20cm - 199.0)[],316.0
生态鲜腐竹(5袋装(160g/袋) - 49.9)[],多效过滤净水壶(1壶4芯 - 288.0)[],337.9
生态鲜腐竹(5袋装(160g/袋) - 49.9)[],防晒小黑伞(蓝槿*1把 - 279.0)[生活],328.9
生态鲜腐竹(5袋装(160g/袋) - 49.9)[],法国琥珀锅(2.5L - 279.0)[生活],328.9
生态鲜腐竹(5袋装(160g/袋) - 49.9)[],阳澄湖大闸蟹礼券(588型(公3.5两 母2.5两) - 278.0)[],327.9
生态鲜腐竹(5袋装(160g/袋) - 49.9)[],优选纯手工蛋糕(松露轻乳芝士2磅 - 288.0)[],337.9
生态鲜腐竹(5袋装(160g/袋) - 49.9)[],优选纯手工蛋糕(百利甜情人2磅 - 288.0)[],337.9
生态鲜腐竹(5袋装(160g/袋) - 49.9)[],优选纯手工蛋糕(优山美地2磅 - 288.0)[],337.9
净水器替换滤芯(3只装 - 119.0)[],德国皮具护理膏(清洁膏+护理膏套装 - 209.9)[],328.9
净水器替换滤芯(3只装 - 119.0)[],稻壳抗菌防霉砧板(中号(27.7*39.7cm) - 219.0)[],338.0
净水器替换滤芯(3只装 - 119.0)[],日本雪平锅(20cm - 199.0)[],318.0
净水器替换滤芯(6只装 - 179.0)[],原香花生油(2瓶装(750ml/瓶) - 139.0)[],318.0
净水器替换滤芯(6只装 - 179.0)[],山核桃仁(2盒装(218g/盒) - 149.0)[],328.0
净水器替换滤芯(6只装 - 179.0)[],台湾白因子消毒喷雾(25ml*6瓶 - 155.0)[生活],334.0
净水器替换滤芯(6只装 - 179.0)[],日本焖烧壶(银白色 - 149.0)[],328.0
净水器替换滤芯(6只装 - 179.0)[],日本焖烧壶(桃粉色 - 149.0)[],328.0
净水器替换滤芯(6只装 - 179.0)[],日本焖烧壶(雅红色 - 149.0)[],328.0
净水器替换滤芯(6只装 - 179.0)[],日本不锈钢保温杯(墨蓝色 - 149.0)[生活],328.0
净水器替换滤芯(6只装 - 179.0)[],日本不锈钢保温杯(蒂凡尼蓝 - 149.0)[生活],328.0
净水器替换滤芯(6只装 - 179.0)[],日本不锈钢保温杯(芭比粉 - 149.0)[生活],328.0
净水器替换滤芯(6只装 - 179.0)[],日本不锈钢保温杯(芒果黄 - 149.0)[生活],328.0
净水器替换滤芯(6只装 - 179.0)[],日本不锈钢保温杯(探戈红 - 149.0)[生活],328.0
净水器替换滤芯(6只装 - 179.0)[],阳澄湖大闸蟹礼券(388型(公3.0两 母2.0两) - 149.0)[],328.0
泰国椰青(4粒装 - 54.9)[],多效过滤净水壶(1壶4芯 - 288.0)[],342.9
泰国椰青(4粒装 - 54.9)[],防晒小黑伞(蓝槿*1把 - 279.0)[生活],333.9
泰国椰青(4粒装 - 54.9)[],法国琥珀锅(2.5L - 279.0)[生活],333.9
泰国椰青(4粒装 - 54.9)[],阳澄湖大闸蟹礼券(588型(公3.5两 母2.5两) - 278.0)[],332.9
泰国椰青(4粒装 - 54.9)[],优选纯手工蛋糕(松露轻乳芝士2磅 - 288.0)[],342.9
泰国椰青(4粒装 - 54.9)[],优选纯手工蛋糕(百利甜情人2磅 - 288.0)[],342.9
泰国椰青(4粒装 - 54.9)[],优选纯手工蛋糕(优山美地2磅 - 288.0)[],342.9
泰国椰青(9粒装 - 99.9)[],稻壳抗菌防霉砧板(中号(27.7*39.7cm) - 219.0)[],318.9
泰国椰青(9粒装 - 99.9)[],台湾白因子消毒喷雾(500ml*1瓶 - 242.0)[生活],341.9
泰国椰青(9粒装 - 99.9)[],日本雪平锅(22cm - 229.0)[],328.9
泰国椰青(9粒装(无开椰器) - 89.9)[],台湾白因子消毒喷雾(500ml*1瓶 - 242.0)[生活],331.9
泰国椰青(9粒装(无开椰器) - 89.9)[],日本雪平锅(22cm - 229.0)[],318.9
多效过滤净水壶(1壶1芯 - 169.0)[],山核桃仁(2盒装(218g/盒) - 149.0)[],318.0
多效过滤净水壶(1壶1芯 - 169.0)[],台湾白因子消毒喷雾(25ml*6瓶 - 155.0)[生活],324.0
多效过滤净水壶(1壶1芯 - 169.0)[],加拿大天然水果条(72条装 - 166.0)[],335.0
多效过滤净水壶(1壶1芯 - 169.0)[],日本焖烧壶(银白色 - 149.0)[],318.0
多效过滤净水壶(1壶1芯 - 169.0)[],日本焖烧壶(桃粉色 - 149.0)[],318.0
多效过滤净水壶(1壶1芯 - 169.0)[],日本焖烧壶(雅红色 - 149.0)[],318.0
多效过滤净水壶(1壶1芯 - 169.0)[],日本不锈钢保温杯(墨蓝色 - 149.0)[生活],318.0
多效过滤净水壶(1壶1芯 - 169.0)[],日本不锈钢保温杯(蒂凡尼蓝 - 149.0)[生活],318.0
多效过滤净水壶(1壶1芯 - 169.0)[],日本不锈钢保温杯(芭比粉 - 149.0)[生活],318.0
多效过滤净水壶(1壶1芯 - 169.0)[],日本不锈钢保温杯(芒果黄 - 149.0)[生活],318.0
多效过滤净水壶(1壶1芯 - 169.0)[],日本不锈钢保温杯(探戈红 - 149.0)[生活],318.0
多效过滤净水壶(1壶1芯 - 169.0)[],英国害羞邦尼兔(奶油色 - 169.0)[],338.0
多效过滤净水壶(1壶1芯 - 169.0)[],英国害羞邦尼兔(郁金香粉 - 169.0)[],338.0
多效过滤净水壶(1壶1芯 - 169.0)[],英国害羞邦尼兔(水蓝色 - 169.0)[],338.0
多效过滤净水壶(1壶1芯 - 169.0)[],英国害羞邦尼兔(银灰色 - 169.0)[],338.0
多效过滤净水壶(1壶1芯 - 169.0)[],英国害羞邦尼兔(米棕色 - 169.0)[],338.0
多效过滤净水壶(1壶1芯 - 169.0)[],英国害羞邦尼兔(浅粉色 - 169.0)[],338.0
多效过滤净水壶(1壶1芯 - 169.0)[],阳澄湖大闸蟹礼券(388型(公3.0两 母2.0两) - 149.0)[],318.0
多效过滤净水壶(1壶1芯 - 169.0)[],百桃一号(6粒装(250g/粒) - 168.0)[百桃一号],337.0
多效过滤净水壶(1壶4芯 - 288.0)[],五常粥米(3Kg - 54.9)[],342.9
多效过滤净水壶(1壶4芯 - 288.0)[],泰国龙眼(A级金标龙眼2Kg - 52.8)[],340.8
多效过滤净水壶(1壶4芯 - 288.0)[],海南高山青柠檬(有籽柠檬3斤装 - 36.8)[],324.8
多效过滤净水壶(1壶4芯 - 288.0)[],原生竹浆本色纸(手帕纸60包(8片*4层) - 42.8)[],330.8
多效过滤净水壶(1壶4芯 - 288.0)[],老盐金桔柠檬粉(10袋装(20g/袋) - 35.0)[],323.0
多效过滤净水壶(1壶4芯 - 288.0)[],智利牛油果(6粒装(165g±10g/粒) - 56.8)[],344.8
多效过滤净水壶(1壶4芯 - 288.0)[],香草海盐(1瓶装(150g/瓶) - 56.6)[],344.6
多效过滤净水壶(1壶4芯 - 288.0)[],酸甜蜜饯组合(普通梅片(50g/袋) - 44.5)[],332.5
多效过滤净水壶(1壶4芯 - 288.0)[],酸甜蜜饯组合(紫苏梅片(35g/袋) - 37.5)[],325.5
多效过滤净水壶(1壶4芯 - 288.0)[],酸甜蜜饯组合(日式话梅(50g/袋) - 32.0)[],320.0
多效过滤净水壶(1壶4芯 - 288.0)[],酸甜蜜饯组合(原味梅粒(50g/袋) - 49.5)[],337.5
多效过滤净水壶(1壶4芯 - 288.0)[],酸甜蜜饯组合(黄桃干(55g/袋) - 48.0)[],336.0
多效过滤净水壶(1壶4芯 - 288.0)[],现磨三色胡椒(1瓶装(100g/瓶) - 56.6)[],344.6
多效过滤净水壶(1壶4芯 - 288.0)[],无添加两年特调酱油(1瓶(250ml/瓶) - 55.0)[],343.0
多效过滤净水壶(1壶4芯 - 288.0)[],山楂优块(6袋装(128g/袋) - 49.0)[],337.0
多效过滤净水壶(1壶4芯 - 288.0)[],菇娘果(3斤装 - 45.0)[],333.0
多效过滤净水壶(1壶4芯 - 288.0)[],散养土鸡鸡肉系列(鸡大胸1Kg - 39.9)[],327.9
多效过滤净水壶(1壶4芯 - 288.0)[],散养土鸡鸡肉系列(鸡翅根1Kg - 49.9)[],337.9
多效过滤净水壶(1壶4芯 - 288.0)[],六鳌红蜜薯(5斤装 - 48.8)[],336.8
多效过滤净水壶(1壶4芯 - 288.0)[],天然纯棉巾(2盒装 - 48.0)[生活],336.0
多效过滤净水壶(1壶4芯 - 288.0)[],广式&传统速食早点系列(小白菜包子(80g*4个) - 56.0)[],344.0
多效过滤净水壶(1壶4芯 - 288.0)[],广式&传统速食早点系列(精品馒头(80g*4个) - 48.0)[],336.0
多效过滤净水壶(1壶4芯 - 288.0)[],青州蜜桃(小果4斤装(约23粒) - 55.0)[],343.0
多效过滤净水壶(1壶4芯 - 288.0)[],平和红心蜜柚(2粒装(约5斤) - 45.0)[],333.0
多效过滤净水壶(1壶4芯 - 288.0)[],越南紫薯(5斤装 - 43.8)[],331.8
多效过滤净水壶(1壶4芯 - 288.0)[],金童玉女小黄瓜(3斤装 - 55.0)[],343.0
多效过滤净水壶(1壶4芯 - 288.0)[],新疆贵族南瓜(1个(1.25Kg) - 43.8)[],331.8
多效过滤净水壶(1壶4芯 - 288.0)[],黄金蜜柚(中果2粒装(1.25-1.5Kg/粒) - 45.0)[],333.0
散养柴猪肉(柴猪蹄450-500g - 98.7)[],稻壳抗菌防霉砧板(中号(27.7*39.7cm) - 219.0)[],317.7
散养柴猪肉(柴猪蹄450-500g - 98.7)[],台湾白因子消毒喷雾(500ml*1瓶 - 242.0)[生活],340.7
散养柴猪肉(柴猪蹄450-500g - 98.7)[],日本雪平锅(22cm - 229.0)[],327.7
散养柴猪肉(五花肉500g - 104.7)[],稻壳抗菌防霉砧板(中号(27.7*39.7cm) - 219.0)[],323.7
散养柴猪肉(五花肉500g - 104.7)[],日本雪平锅(22cm - 229.0)[],333.7
散养柴猪肉(后腿肉500g - 83.7)[],台湾白因子消毒喷雾(500ml*1瓶 - 242.0)[生活],325.7
散养柴猪肉(后腿肉500g - 83.7)[],进口不粘锅(煎锅 28cm - 259.0)[],342.7
散养柴猪肉(肥瘦肉馅500g - 68.7)[],进口不粘锅(煎锅 28cm - 259.0)[],327.7
猫山王速冻榴莲(D197（猫山王）300g - 179.0)[],原香花生油(2瓶装(750ml/瓶) - 139.0)[],318.0
猫山王速冻榴莲(D197（猫山王）300g - 179.0)[],山核桃仁(2盒装(218g/盒) - 149.0)[],328.0
猫山王速冻榴莲(D197（猫山王）300g - 179.0)[],台湾白因子消毒喷雾(25ml*6瓶 - 155.0)[生活],334.0
猫山王速冻榴莲(D197（猫山王）300g - 179.0)[],日本焖烧壶(银白色 - 149.0)[],328.0
猫山王速冻榴莲(D197（猫山王）300g - 179.0)[],日本焖烧壶(桃粉色 - 149.0)[],328.0
猫山王速冻榴莲(D197（猫山王）300g - 179.0)[],日本焖烧壶(雅红色 - 149.0)[],328.0
猫山王速冻榴莲(D197（猫山王）300g - 179.0)[],日本不锈钢保温杯(墨蓝色 - 149.0)[生活],328.0
猫山王速冻榴莲(D197（猫山王）300g - 179.0)[],日本不锈钢保温杯(蒂凡尼蓝 - 149.0)[生活],328.0
猫山王速冻榴莲(D197（猫山王）300g - 179.0)[],日本不锈钢保温杯(芭比粉 - 149.0)[生活],328.0
猫山王速冻榴莲(D197（猫山王）300g - 179.0)[],日本不锈钢保温杯(芒果黄 - 149.0)[生活],328.0
猫山王速冻榴莲(D197（猫山王）300g - 179.0)[],日本不锈钢保温杯(探戈红 - 149.0)[生活],328.0
猫山王速冻榴莲(D197（猫山王）300g - 179.0)[],阳澄湖大闸蟹礼券(388型(公3.0两 母2.0两) - 149.0)[],328.0
防晒小黑伞(蓝槿*1把 - 279.0)[生活],五常粥米(3Kg - 54.9)[],333.9
防晒小黑伞(蓝槿*1把 - 279.0)[生活],泰国龙眼(A级金标龙眼2Kg - 52.8)[],331.8
防晒小黑伞(蓝槿*1把 - 279.0)[生活],海南高山青柠檬(有籽柠檬3斤装 - 36.8)[],315.8
防晒小黑伞(蓝槿*1把 - 279.0)[生活],原生竹浆本色纸(抽纸20包(110抽*3层) - 59.9)[],338.9
防晒小黑伞(蓝槿*1把 - 279.0)[生活],原生竹浆本色纸(卷纸24卷(120g/卷) - 59.9)[],338.9
防晒小黑伞(蓝槿*1把 - 279.0)[生活],原生竹浆本色纸(手帕纸60包(8片*4层) - 42.8)[],321.8
防晒小黑伞(蓝槿*1把 - 279.0)[生活],迁西甘栗仁(12袋装(50g/袋) - 62.0)[],341.0
防晒小黑伞(蓝槿*1把 - 279.0)[生活],加拿大油壶(橙灰色*1只 - 58.0)[],337.0
防晒小黑伞(蓝槿*1把 - 279.0)[生活],加拿大油壶(紫灰色*1只 - 58.0)[],337.0
防晒小黑伞(蓝槿*1把 - 279.0)[生活],加拿大油壶(绿灰色*1只 - 58.0)[],337.0
防晒小黑伞(蓝槿*1把 - 279.0)[生活],捷克式熟酸奶(8瓶装(245ml/瓶) - 65.0)[],344.0
防晒小黑伞(蓝槿*1把 - 279.0)[生活],无添加猪肉松(原味 - 63.8)[],342.8
防晒小黑伞(蓝槿*1把 - 279.0)[生活],无添加猪肉松(海苔味 - 63.8)[],342.8
防晒小黑伞(蓝槿*1把 - 279.0)[生活],智利牛油果(6粒装(165g±10g/粒) - 56.8)[],335.8
防晒小黑伞(蓝槿*1把 - 279.0)[生活],香草海盐(1瓶装(150g/瓶) - 56.6)[],335.6
防晒小黑伞(蓝槿*1把 - 279.0)[生活],酸甜蜜饯组合(普通梅片(50g/袋) - 44.5)[],323.5
防晒小黑伞(蓝槿*1把 - 279.0)[生活],酸甜蜜饯组合(紫苏梅片(35g/袋) - 37.5)[],316.5
防晒小黑伞(蓝槿*1把 - 279.0)[生活],酸甜蜜饯组合(原味梅粒(50g/袋) - 49.5)[],328.5
防晒小黑伞(蓝槿*1把 - 279.0)[生活],酸甜蜜饯组合(黄桃干(55g/袋) - 48.0)[],327.0
防晒小黑伞(蓝槿*1把 - 279.0)[生活],现磨三色胡椒(1瓶装(100g/瓶) - 56.6)[],335.6
防晒小黑伞(蓝槿*1把 - 279.0)[生活],无添加两年特调酱油(1瓶(250ml/瓶) - 55.0)[],334.0
防晒小黑伞(蓝槿*1把 - 279.0)[生活],波兰曲奇饼干(榛子奶油味 - 59.6)[],338.6
防晒小黑伞(蓝槿*1把 - 279.0)[生活],波兰曲奇饼干(巧克力碎榛子奶油味 - 59.6)[],338.6
防晒小黑伞(蓝槿*1把 - 279.0)[生活],波兰曲奇饼干(巧克力奶油味 - 59.6)[],338.6
防晒小黑伞(蓝槿*1把 - 279.0)[生活],波兰曲奇饼干(巧克力碎奶油味 - 59.6)[],338.6
防晒小黑伞(蓝槿*1把 - 279.0)[生活],山楂优块(6袋装(128g/袋) - 49.0)[],328.0
防晒小黑伞(蓝槿*1把 - 279.0)[生活],古田鲜银耳(5朵装 - 59.9)[],338.9
防晒小黑伞(蓝槿*1把 - 279.0)[生活],美国水果胡萝卜(2袋装(340g/袋) - 59.9)[],338.9
防晒小黑伞(蓝槿*1把 - 279.0)[生活],纯天然植物牙膏(凤梨酵素牙膏(100g) - 65.0)[],344.0
防晒小黑伞(蓝槿*1把 - 279.0)[生活],菇娘果(3斤装 - 45.0)[],324.0
防晒小黑伞(蓝槿*1把 - 279.0)[生活],散养土鸡鸡肉系列(鸡大胸1Kg - 39.9)[],318.9
防晒小黑伞(蓝槿*1把 - 279.0)[生活],散养土鸡鸡肉系列(鸡翅根1Kg - 49.9)[],328.9
防晒小黑伞(蓝槿*1把 - 279.0)[生活],进口儿童防滑餐具(猫头鹰套装(绿蓝) - 61.0)[生活],340.0
防晒小黑伞(蓝槿*1把 - 279.0)[生活],进口儿童防滑餐具(猫头鹰套装(粉紫) - 61.0)[生活],340.0
防晒小黑伞(蓝槿*1把 - 279.0)[生活],进口儿童防滑餐具(长颈鹿套装(绿蓝) - 61.0)[生活],340.0
防晒小黑伞(蓝槿*1把 - 279.0)[生活],进口儿童防滑餐具(长颈鹿套装(粉紫) - 61.0)[生活],340.0
防晒小黑伞(蓝槿*1把 - 279.0)[生活],六鳌红蜜薯(5斤装 - 48.8)[],327.8
防晒小黑伞(蓝槿*1把 - 279.0)[生活],天然纯棉巾(2盒装 - 48.0)[生活],327.0
防晒小黑伞(蓝槿*1把 - 279.0)[生活],广式&传统速食早点系列(小白菜包子(80g*4个) - 56.0)[],335.0
防晒小黑伞(蓝槿*1把 - 279.0)[生活],广式&传统速食早点系列(精品馒头(80g*4个) - 48.0)[],327.0
防晒小黑伞(蓝槿*1把 - 279.0)[生活],新疆库尔勒全母香梨(5斤装 - 59.9)[],338.9
防晒小黑伞(蓝槿*1把 - 279.0)[生活],青州蜜桃(大果4斤装(约16粒) - 59.0)[],338.0
防晒小黑伞(蓝槿*1把 - 279.0)[生活],青州蜜桃(小果4斤装(约23粒) - 55.0)[],334.0
防晒小黑伞(蓝槿*1把 - 279.0)[生活],平和红心蜜柚(2粒装(约5斤) - 45.0)[],324.0
防晒小黑伞(蓝槿*1把 - 279.0)[生活],越南紫薯(5斤装 - 43.8)[],322.8
防晒小黑伞(蓝槿*1把 - 279.0)[生活],金童玉女小黄瓜(3斤装 - 55.0)[],334.0
防晒小黑伞(蓝槿*1把 - 279.0)[生活],新疆贵族南瓜(1个(1.25Kg) - 43.8)[],322.8
防晒小黑伞(蓝槿*1把 - 279.0)[生活],黄金蜜柚(中果2粒装(1.25-1.5Kg/粒) - 45.0)[],324.0
防晒小黑伞(蓝槿*1把 - 279.0)[生活],鲜纯乳品系列（鲜奶&酸奶）(酸奶7瓶装(230g/瓶) - 59.9)[],338.9
防晒小黑伞(蓝槿*1把 - 279.0)[生活],便捷自烤欧式面包(法式小面包(35g*6个) - 65.0)[],344.0
防晒小黑伞(蓝槿*1把 - 279.0)[生活],便捷自烤欧式面包(软式小面包(35g*6个) - 65.0)[],344.0
南极银鳕鱼(犬牙鱼)(1盒装（200g） - 99.9)[],稻壳抗菌防霉砧板(中号(27.7*39.7cm) - 219.0)[],318.9
南极银鳕鱼(犬牙鱼)(1盒装（200g） - 99.9)[],台湾白因子消毒喷雾(500ml*1瓶 - 242.0)[生活],341.9
南极银鳕鱼(犬牙鱼)(1盒装（200g） - 99.9)[],日本雪平锅(22cm - 229.0)[],328.9
德国削皮刀(1把 - 108.0)[],德国皮具护理膏(清洁膏+护理膏套装 - 209.9)[],317.9
德国削皮刀(1把 - 108.0)[],稻壳抗菌防霉砧板(中号(27.7*39.7cm) - 219.0)[],327.0
德国削皮刀(1把 - 108.0)[],日本雪平锅(22cm - 229.0)[],337.0
法国儿童驱蚊手环(百变公主 - 118.0)[生活],德国皮具护理膏(清洁膏+护理膏套装 - 209.9)[],327.9
法国儿童驱蚊手环(百变公主 - 118.0)[生活],稻壳抗菌防霉砧板(中号(27.7*39.7cm) - 219.0)[],337.0
法国儿童驱蚊手环(百变公主 - 118.0)[生活],日本雪平锅(20cm - 199.0)[],317.0
法国儿童驱蚊手环(巨嘴鸟 - 118.0)[生活],德国皮具护理膏(清洁膏+护理膏套装 - 209.9)[],327.9
法国儿童驱蚊手环(巨嘴鸟 - 118.0)[生活],稻壳抗菌防霉砧板(中号(27.7*39.7cm) - 219.0)[],337.0
法国儿童驱蚊手环(巨嘴鸟 - 118.0)[生活],日本雪平锅(20cm - 199.0)[],317.0
法国儿童驱蚊手环(顽皮鳄鱼 - 118.0)[生活],德国皮具护理膏(清洁膏+护理膏套装 - 209.9)[],327.9
法国儿童驱蚊手环(顽皮鳄鱼 - 118.0)[生活],稻壳抗菌防霉砧板(中号(27.7*39.7cm) - 219.0)[],337.0
法国儿童驱蚊手环(顽皮鳄鱼 - 118.0)[生活],日本雪平锅(20cm - 199.0)[],317.0
法国儿童驱蚊手环(北极熊 - 118.0)[生活],德国皮具护理膏(清洁膏+护理膏套装 - 209.9)[],327.9
法国儿童驱蚊手环(北极熊 - 118.0)[生活],稻壳抗菌防霉砧板(中号(27.7*39.7cm) - 219.0)[],337.0
法国儿童驱蚊手环(北极熊 - 118.0)[生活],日本雪平锅(20cm - 199.0)[],317.0
法国儿童驱蚊手环(可口冰淇淋 - 118.0)[生活],德国皮具护理膏(清洁膏+护理膏套装 - 209.9)[],327.9
法国儿童驱蚊手环(可口冰淇淋 - 118.0)[生活],稻壳抗菌防霉砧板(中号(27.7*39.7cm) - 219.0)[],337.0
法国儿童驱蚊手环(可口冰淇淋 - 118.0)[生活],日本雪平锅(20cm - 199.0)[],317.0
法国儿童驱蚊手环(创意玩具 - 118.0)[生活],德国皮具护理膏(清洁膏+护理膏套装 - 209.9)[],327.9
法国儿童驱蚊手环(创意玩具 - 118.0)[生活],稻壳抗菌防霉砧板(中号(27.7*39.7cm) - 219.0)[],337.0
法国儿童驱蚊手环(创意玩具 - 118.0)[生活],日本雪平锅(20cm - 199.0)[],317.0
法国儿童驱蚊手环(驱蚊片2片替换装 - 78.0)[生活],台湾白因子消毒喷雾(500ml*1瓶 - 242.0)[生活],320.0
法国儿童驱蚊手环(驱蚊片2片替换装 - 78.0)[生活],进口不粘锅(煎锅 28cm - 259.0)[],337.0
五常粥米(3Kg - 54.9)[],法国琥珀锅(2.5L - 279.0)[生活],333.9
五常粥米(3Kg - 54.9)[],阳澄湖大闸蟹礼券(588型(公3.5两 母2.5两) - 278.0)[],332.9
五常粥米(3Kg - 54.9)[],优选纯手工蛋糕(松露轻乳芝士2磅 - 288.0)[],342.9
五常粥米(3Kg - 54.9)[],优选纯手工蛋糕(百利甜情人2磅 - 288.0)[],342.9
五常粥米(3Kg - 54.9)[],优选纯手工蛋糕(优山美地2磅 - 288.0)[],342.9
德国皮具护理膏(护理膏1盒装(250ml/盒) - 109.9)[],德国皮具护理膏(清洁膏+护理膏套装 - 209.9)[],319.8
德国皮具护理膏(护理膏1盒装(250ml/盒) - 109.9)[],稻壳抗菌防霉砧板(中号(27.7*39.7cm) - 219.0)[],328.9
德国皮具护理膏(护理膏1盒装(250ml/盒) - 109.9)[],日本雪平锅(22cm - 229.0)[],338.9
德国皮具护理膏(清洁膏+护理膏套装 - 209.9)[],湖南米粉(红烧牛肉(微辣) - 109.5)[],319.4
德国皮具护理膏(清洁膏+护理膏套装 - 209.9)[],湖南米粉(香辣牛杂(中辣) - 124.5)[],334.4
德国皮具护理膏(清洁膏+护理膏套装 - 209.9)[],湖南米粉(清炖牛肉(不辣) - 129.5)[],339.4
德国皮具护理膏(清洁膏+护理膏套装 - 209.9)[],儿童便携水壶(小猫头鹰 - 119.0)[生活],328.9
德国皮具护理膏(清洁膏+护理膏套装 - 209.9)[],儿童便携水壶(太空旅行 - 119.0)[生活],328.9
德国皮具护理膏(清洁膏+护理膏套装 - 209.9)[],儿童便携水壶(长颈鹿 - 119.0)[生活],328.9
德国皮具护理膏(清洁膏+护理膏套装 - 209.9)[],儿童便携水壶(萌宠猫咪 - 119.0)[生活],328.9
德国皮具护理膏(清洁膏+护理膏套装 - 209.9)[],儿童便携水壶(运动 - 119.0)[生活],328.9
德国皮具护理膏(清洁膏+护理膏套装 - 209.9)[],便携自加热鸡汤(乌鸡汤4罐装 - 119.0)[],328.9
德国皮具护理膏(清洁膏+护理膏套装 - 209.9)[],便携自加热鸡汤(核桃鸡汤4罐装 - 115.0)[],324.9
德国皮具护理膏(清洁膏+护理膏套装 - 209.9)[],挪威北极真鳕鱼(2斤装 - 114.9)[],324.8
德国皮具护理膏(清洁膏+护理膏套装 - 209.9)[],稻壳抗菌防霉砧板(小号(22.7*31.9cm) - 129.0)[],338.9
德国皮具护理膏(清洁膏+护理膏套装 - 209.9)[],天然稻谷壳筷子(10双 - 109.0)[生活],318.9
德国皮具护理膏(清洁膏+护理膏套装 - 209.9)[],儿童棒棒奶酪(原味500g*2袋 - 112.0)[],321.9
德国皮具护理膏(清洁膏+护理膏套装 - 209.9)[],儿童棒棒奶酪(混合水果味500g*2袋 - 112.0)[],321.9
德国皮具护理膏(清洁膏+护理膏套装 - 209.9)[],香脆夹心海苔(香蕉味*4罐(52g/罐) - 119.0)[],328.9
德国皮具护理膏(清洁膏+护理膏套装 - 209.9)[],香脆夹心海苔(芝麻味*4罐(60g/罐) - 119.0)[],328.9
德国皮具护理膏(清洁膏+护理膏套装 - 209.9)[],意大利特级初榨橄榄油(2瓶装(500ml) - 125.0)[],334.9
德国皮具护理膏(清洁膏+护理膏套装 - 209.9)[],秘鲁蓝莓(6盒装(120g/盒) - 122.8)[],332.7
德国皮具护理膏(清洁膏+护理膏套装 - 209.9)[],英国王妃梳(粉红豹 - 118.0)[生活],327.9
德国皮具护理膏(清洁膏+护理膏套装 - 209.9)[],英国王妃梳(冰雪奇缘 - 118.0)[生活],327.9
德国皮具护理膏(清洁膏+护理膏套装 - 209.9)[],英国王妃梳(粉色波点 - 118.0)[生活],327.9
德国皮具护理膏(清洁膏+护理膏套装 - 209.9)[],英国王妃梳(热带丛林 - 118.0)[生活],327.9
德国皮具护理膏(清洁膏+护理膏套装 - 209.9)[],KN95级防颗粒物口罩（成人款、儿童款）(成人款25只 - 119.0)[],328.9
德国皮具护理膏(清洁膏+护理膏套装 - 209.9)[],稻花香大米(5Kg - 118.0)[],327.9
德国皮具护理膏(清洁膏+护理膏套装 - 209.9)[],冷榨亚麻籽油(4瓶装(500ml/瓶) - 115.0)[],324.9
德国皮具护理膏(清洁膏+护理膏套装 - 209.9)[],老北京五香酱牛肉(3袋装(200g/袋) - 116.0)[],325.9
德国皮具护理膏(清洁膏+护理膏套装 - 209.9)[],养生汤料组合(姬松茸红枣 - 108.0)[],317.9
德国皮具护理膏(清洁膏+护理膏套装 - 209.9)[],养生汤料组合(虫草花干贝 - 108.0)[],317.9
德国皮具护理膏(清洁膏+护理膏套装 - 209.9)[],便捷自烤欧式面包(烟熏芝士面包(50g*4个) - 115.0)[],324.9
湖南米粉(红烧牛肉(微辣) - 109.5)[],稻壳抗菌防霉砧板(中号(27.7*39.7cm) - 219.0)[],328.5
湖南米粉(红烧牛肉(微辣) - 109.5)[],日本雪平锅(22cm - 229.0)[],338.5
湖南米粉(香辣牛杂(中辣) - 124.5)[],稻壳抗菌防霉砧板(中号(27.7*39.7cm) - 219.0)[],343.5
湖南米粉(香辣牛杂(中辣) - 124.5)[],日本雪平锅(20cm - 199.0)[],323.5
湖南米粉(香辣牛杂(中辣) - 124.5)[],优选纯手工蛋糕(松露轻乳芝士1磅 - 196.0)[],320.5
湖南米粉(香辣牛杂(中辣) - 124.5)[],优选纯手工蛋糕(百利甜情人1磅 - 196.0)[],320.5
湖南米粉(香辣牛杂(中辣) - 124.5)[],优选纯手工蛋糕(优山美地1磅 - 196.0)[],320.5
湖南米粉(酸辣凉拌(中辣) - 77.5)[],台湾白因子消毒喷雾(500ml*1瓶 - 242.0)[生活],319.5
湖南米粉(酸辣凉拌(中辣) - 77.5)[],进口不粘锅(煎锅 28cm - 259.0)[],336.5
湖南米粉(清炖牛肉(不辣) - 129.5)[],日本雪平锅(20cm - 199.0)[],328.5
湖南米粉(清炖牛肉(不辣) - 129.5)[],优选纯手工蛋糕(松露轻乳芝士1磅 - 196.0)[],325.5
湖南米粉(清炖牛肉(不辣) - 129.5)[],优选纯手工蛋糕(百利甜情人1磅 - 196.0)[],325.5
湖南米粉(清炖牛肉(不辣) - 129.5)[],优选纯手工蛋糕(优山美地1磅 - 196.0)[],325.5
湖南米粉(清炖牛肉(不辣) - 129.5)[],便携式折叠电水壶(灰色0.6L - 189.0)[],318.5
湖南米粉(小菜*5袋(含添加剂) - 74.5)[],台湾白因子消毒喷雾(500ml*1瓶 - 242.0)[生活],316.5
湖南米粉(小菜*5袋(含添加剂) - 74.5)[],进口不粘锅(煎锅 28cm - 259.0)[],333.5
鳕鱼水饺(鳕鱼芹菜 - 90.0)[],台湾白因子消毒喷雾(500ml*1瓶 - 242.0)[生活],332.0
鳕鱼水饺(鳕鱼芹菜 - 90.0)[],日本雪平锅(22cm - 229.0)[],319.0
鳕鱼水饺(鳕鱼韭菜 - 90.0)[],台湾白因子消毒喷雾(500ml*1瓶 - 242.0)[生活],332.0
鳕鱼水饺(鳕鱼韭菜 - 90.0)[],日本雪平锅(22cm - 229.0)[],319.0
泰国龙眼(A级金标龙眼2Kg - 52.8)[],法国琥珀锅(2.5L - 279.0)[生活],331.8
泰国龙眼(A级金标龙眼2Kg - 52.8)[],阳澄湖大闸蟹礼券(588型(公3.5两 母2.5两) - 278.0)[],330.8
泰国龙眼(A级金标龙眼2Kg - 52.8)[],优选纯手工蛋糕(松露轻乳芝士2磅 - 288.0)[],340.8
泰国龙眼(A级金标龙眼2Kg - 52.8)[],优选纯手工蛋糕(百利甜情人2磅 - 288.0)[],340.8
泰国龙眼(A级金标龙眼2Kg - 52.8)[],优选纯手工蛋糕(优山美地2磅 - 288.0)[],340.8
原香花生油(2瓶装(750ml/瓶) - 139.0)[],日本雪平锅(18cm - 179.0)[],318.0
原香花生油(2瓶装(750ml/瓶) - 139.0)[],日本雪平锅(20cm - 199.0)[],338.0
原香花生油(2瓶装(750ml/瓶) - 139.0)[],无添加鲜炖燕窝(3瓶装(45g/瓶) - 177.0)[],316.0
原香花生油(2瓶装(750ml/瓶) - 139.0)[],优选纯手工蛋糕(松露轻乳芝士1磅 - 196.0)[],335.0
原香花生油(2瓶装(750ml/瓶) - 139.0)[],优选纯手工蛋糕(百利甜情人1磅 - 196.0)[],335.0
原香花生油(2瓶装(750ml/瓶) - 139.0)[],优选纯手工蛋糕(优山美地1磅 - 196.0)[],335.0
原香花生油(2瓶装(750ml/瓶) - 139.0)[],俄罗斯鲜冻带子(瑶柱)(2袋装 - 185.0)[],324.0
原香花生油(2瓶装(750ml/瓶) - 139.0)[],便携式折叠电水壶(灰色0.6L - 189.0)[],328.0
儿童便携水壶(小猫头鹰 - 119.0)[生活],稻壳抗菌防霉砧板(中号(27.7*39.7cm) - 219.0)[],338.0
儿童便携水壶(小猫头鹰 - 119.0)[生活],日本雪平锅(20cm - 199.0)[],318.0
儿童便携水壶(太空旅行 - 119.0)[生活],稻壳抗菌防霉砧板(中号(27.7*39.7cm) - 219.0)[],338.0
儿童便携水壶(太空旅行 - 119.0)[生活],日本雪平锅(20cm - 199.0)[],318.0
儿童便携水壶(长颈鹿 - 119.0)[生活],稻壳抗菌防霉砧板(中号(27.7*39.7cm) - 219.0)[],338.0
儿童便携水壶(长颈鹿 - 119.0)[生活],日本雪平锅(20cm - 199.0)[],318.0
儿童便携水壶(萌宠猫咪 - 119.0)[生活],稻壳抗菌防霉砧板(中号(27.7*39.7cm) - 219.0)[],338.0
儿童便携水壶(萌宠猫咪 - 119.0)[生活],日本雪平锅(20cm - 199.0)[],318.0
儿童便携水壶(运动 - 119.0)[生活],稻壳抗菌防霉砧板(中号(27.7*39.7cm) - 219.0)[],338.0
儿童便携水壶(运动 - 119.0)[生活],日本雪平锅(20cm - 199.0)[],318.0
便携自加热鸡汤(乌鸡汤4罐装 - 119.0)[],稻壳抗菌防霉砧板(中号(27.7*39.7cm) - 219.0)[],338.0
便携自加热鸡汤(乌鸡汤4罐装 - 119.0)[],日本雪平锅(20cm - 199.0)[],318.0
便携自加热鸡汤(核桃鸡汤4罐装 - 115.0)[],稻壳抗菌防霉砧板(中号(27.7*39.7cm) - 219.0)[],334.0
便携自加热鸡汤(核桃鸡汤4罐装 - 115.0)[],日本雪平锅(22cm - 229.0)[],344.0
海南高山青柠檬(有籽柠檬3斤装 - 36.8)[],法国琥珀锅(2.5L - 279.0)[生活],315.8
海南高山青柠檬(有籽柠檬3斤装 - 36.8)[],进口不粘锅(炒锅 32cm - 299.0)[],335.8
海南高山青柠檬(有籽柠檬3斤装 - 36.8)[],优选纯手工蛋糕(松露轻乳芝士2磅 - 288.0)[],324.8
海南高山青柠檬(有籽柠檬3斤装 - 36.8)[],优选纯手工蛋糕(百利甜情人2磅 - 288.0)[],324.8
海南高山青柠檬(有籽柠檬3斤装 - 36.8)[],优选纯手工蛋糕(优山美地2磅 - 288.0)[],324.8
原生竹浆本色纸(抽纸20包(110抽*3层) - 59.9)[],法国琥珀锅(2.5L - 279.0)[生活],338.9
原生竹浆本色纸(抽纸20包(110抽*3层) - 59.9)[],进口不粘锅(煎锅 28cm - 259.0)[],318.9
原生竹浆本色纸(抽纸20包(110抽*3层) - 59.9)[],阳澄湖大闸蟹礼券(588型(公3.5两 母2.5两) - 278.0)[],337.9
原生竹浆本色纸(卷纸24卷(120g/卷) - 59.9)[],法国琥珀锅(2.5L - 279.0)[生活],338.9
原生竹浆本色纸(卷纸24卷(120g/卷) - 59.9)[],进口不粘锅(煎锅 28cm - 259.0)[],318.9
原生竹浆本色纸(卷纸24卷(120g/卷) - 59.9)[],阳澄湖大闸蟹礼券(588型(公3.5两 母2.5两) - 278.0)[],337.9
原生竹浆本色纸(手帕纸60包(8片*4层) - 42.8)[],法国琥珀锅(2.5L - 279.0)[生活],321.8
原生竹浆本色纸(手帕纸60包(8片*4层) - 42.8)[],进口不粘锅(炒锅 32cm - 299.0)[],341.8
原生竹浆本色纸(手帕纸60包(8片*4层) - 42.8)[],阳澄湖大闸蟹礼券(588型(公3.5两 母2.5两) - 278.0)[],320.8
原生竹浆本色纸(手帕纸60包(8片*4层) - 42.8)[],优选纯手工蛋糕(松露轻乳芝士2磅 - 288.0)[],330.8
原生竹浆本色纸(手帕纸60包(8片*4层) - 42.8)[],优选纯手工蛋糕(百利甜情人2磅 - 288.0)[],330.8
原生竹浆本色纸(手帕纸60包(8片*4层) - 42.8)[],优选纯手工蛋糕(优山美地2磅 - 288.0)[],330.8
伊朗紫衣开心果(盐焗味 - 90.0)[],台湾白因子消毒喷雾(500ml*1瓶 - 242.0)[生活],332.0
伊朗紫衣开心果(盐焗味 - 90.0)[],日本雪平锅(22cm - 229.0)[],319.0
伊朗紫衣开心果(原味 - 90.0)[],台湾白因子消毒喷雾(500ml*1瓶 - 242.0)[生活],332.0
伊朗紫衣开心果(原味 - 90.0)[],日本雪平锅(22cm - 229.0)[],319.0
和田玉枣(2袋装 - 76.0)[],台湾白因子消毒喷雾(500ml*1瓶 - 242.0)[生活],318.0
和田玉枣(2袋装 - 76.0)[],进口不粘锅(煎锅 28cm - 259.0)[],335.0
迁西甘栗仁(12袋装(50g/袋) - 62.0)[],法国琥珀锅(2.5L - 279.0)[生活],341.0
迁西甘栗仁(12袋装(50g/袋) - 62.0)[],进口不粘锅(煎锅 28cm - 259.0)[],321.0
迁西甘栗仁(12袋装(50g/袋) - 62.0)[],阳澄湖大闸蟹礼券(588型(公3.5两 母2.5两) - 278.0)[],340.0
山核桃仁(2盒装(218g/盒) - 149.0)[],日本雪平锅(18cm - 179.0)[],328.0
山核桃仁(2盒装(218g/盒) - 149.0)[],无添加鲜炖燕窝(3瓶装(45g/瓶) - 177.0)[],326.0
山核桃仁(2盒装(218g/盒) - 149.0)[],英国害羞邦尼兔(奶油色 - 169.0)[],318.0
山核桃仁(2盒装(218g/盒) - 149.0)[],英国害羞邦尼兔(郁金香粉 - 169.0)[],318.0
山核桃仁(2盒装(218g/盒) - 149.0)[],英国害羞邦尼兔(水蓝色 - 169.0)[],318.0
山核桃仁(2盒装(218g/盒) - 149.0)[],英国害羞邦尼兔(银灰色 - 169.0)[],318.0
山核桃仁(2盒装(218g/盒) - 149.0)[],英国害羞邦尼兔(米棕色 - 169.0)[],318.0
山核桃仁(2盒装(218g/盒) - 149.0)[],英国害羞邦尼兔(浅粉色 - 169.0)[],318.0
山核桃仁(2盒装(218g/盒) - 149.0)[],百桃一号(6粒装(250g/粒) - 168.0)[百桃一号],317.0
山核桃仁(2盒装(218g/盒) - 149.0)[],俄罗斯鲜冻带子(瑶柱)(2袋装 - 185.0)[],334.0
山核桃仁(2盒装(218g/盒) - 149.0)[],便携式折叠电水壶(灰色0.6L - 189.0)[],338.0
加拿大油壶(橙灰色*1只 - 58.0)[],法国琥珀锅(2.5L - 279.0)[生活],337.0
加拿大油壶(橙灰色*1只 - 58.0)[],进口不粘锅(煎锅 28cm - 259.0)[],317.0
加拿大油壶(橙灰色*1只 - 58.0)[],阳澄湖大闸蟹礼券(588型(公3.5两 母2.5两) - 278.0)[],336.0
加拿大油壶(紫灰色*1只 - 58.0)[],法国琥珀锅(2.5L - 279.0)[生活],337.0
加拿大油壶(紫灰色*1只 - 58.0)[],进口不粘锅(煎锅 28cm - 259.0)[],317.0
加拿大油壶(紫灰色*1只 - 58.0)[],阳澄湖大闸蟹礼券(588型(公3.5两 母2.5两) - 278.0)[],336.0
加拿大油壶(绿灰色*1只 - 58.0)[],法国琥珀锅(2.5L - 279.0)[生活],337.0
加拿大油壶(绿灰色*1只 - 58.0)[],进口不粘锅(煎锅 28cm - 259.0)[],317.0
加拿大油壶(绿灰色*1只 - 58.0)[],阳澄湖大闸蟹礼券(588型(公3.5两 母2.5两) - 278.0)[],336.0
法国琥珀锅(2.5L - 279.0)[生活],捷克式熟酸奶(8瓶装(245ml/瓶) - 65.0)[],344.0
法国琥珀锅(2.5L - 279.0)[生活],无添加猪肉松(原味 - 63.8)[],342.8
法国琥珀锅(2.5L - 279.0)[生活],无添加猪肉松(海苔味 - 63.8)[],342.8
法国琥珀锅(2.5L - 279.0)[生活],智利牛油果(6粒装(165g±10g/粒) - 56.8)[],335.8
法国琥珀锅(2.5L - 279.0)[生活],香草海盐(1瓶装(150g/瓶) - 56.6)[],335.6
法国琥珀锅(2.5L - 279.0)[生活],酸甜蜜饯组合(普通梅片(50g/袋) - 44.5)[],323.5
法国琥珀锅(2.5L - 279.0)[生活],酸甜蜜饯组合(紫苏梅片(35g/袋) - 37.5)[],316.5
法国琥珀锅(2.5L - 279.0)[生活],酸甜蜜饯组合(原味梅粒(50g/袋) - 49.5)[],328.5
法国琥珀锅(2.5L - 279.0)[生活],酸甜蜜饯组合(黄桃干(55g/袋) - 48.0)[],327.0
法国琥珀锅(2.5L - 279.0)[生活],现磨三色胡椒(1瓶装(100g/瓶) - 56.6)[],335.6
法国琥珀锅(2.5L - 279.0)[生活],无添加两年特调酱油(1瓶(250ml/瓶) - 55.0)[],334.0
法国琥珀锅(2.5L - 279.0)[生活],波兰曲奇饼干(榛子奶油味 - 59.6)[],338.6
法国琥珀锅(2.5L - 279.0)[生活],波兰曲奇饼干(巧克力碎榛子奶油味 - 59.6)[],338.6
法国琥珀锅(2.5L - 279.0)[生活],波兰曲奇饼干(巧克力奶油味 - 59.6)[],338.6
法国琥珀锅(2.5L - 279.0)[生活],波兰曲奇饼干(巧克力碎奶油味 - 59.6)[],338.6
法国琥珀锅(2.5L - 279.0)[生活],山楂优块(6袋装(128g/袋) - 49.0)[],328.0
法国琥珀锅(2.5L - 279.0)[生活],古田鲜银耳(5朵装 - 59.9)[],338.9
法国琥珀锅(2.5L - 279.0)[生活],美国水果胡萝卜(2袋装(340g/袋) - 59.9)[],338.9
法国琥珀锅(2.5L - 279.0)[生活],纯天然植物牙膏(凤梨酵素牙膏(100g) - 65.0)[],344.0
法国琥珀锅(2.5L - 279.0)[生活],菇娘果(3斤装 - 45.0)[],324.0
法国琥珀锅(2.5L - 279.0)[生活],散养土鸡鸡肉系列(鸡大胸1Kg - 39.9)[],318.9
法国琥珀锅(2.5L - 279.0)[生活],散养土鸡鸡肉系列(鸡翅根1Kg - 49.9)[],328.9
法国琥珀锅(2.5L - 279.0)[生活],进口儿童防滑餐具(猫头鹰套装(绿蓝) - 61.0)[生活],340.0
法国琥珀锅(2.5L - 279.0)[生活],进口儿童防滑餐具(猫头鹰套装(粉紫) - 61.0)[生活],340.0
法国琥珀锅(2.5L - 279.0)[生活],进口儿童防滑餐具(长颈鹿套装(绿蓝) - 61.0)[生活],340.0
法国琥珀锅(2.5L - 279.0)[生活],进口儿童防滑餐具(长颈鹿套装(粉紫) - 61.0)[生活],340.0
法国琥珀锅(2.5L - 279.0)[生活],六鳌红蜜薯(5斤装 - 48.8)[],327.8
法国琥珀锅(2.5L - 279.0)[生活],天然纯棉巾(2盒装 - 48.0)[生活],327.0
法国琥珀锅(2.5L - 279.0)[生活],广式&传统速食早点系列(小白菜包子(80g*4个) - 56.0)[],335.0
法国琥珀锅(2.5L - 279.0)[生活],广式&传统速食早点系列(精品馒头(80g*4个) - 48.0)[],327.0
法国琥珀锅(2.5L - 279.0)[生活],新疆库尔勒全母香梨(5斤装 - 59.9)[],338.9
法国琥珀锅(2.5L - 279.0)[生活],青州蜜桃(大果4斤装(约16粒) - 59.0)[],338.0
法国琥珀锅(2.5L - 279.0)[生活],青州蜜桃(小果4斤装(约23粒) - 55.0)[],334.0
法国琥珀锅(2.5L - 279.0)[生活],平和红心蜜柚(2粒装(约5斤) - 45.0)[],324.0
法国琥珀锅(2.5L - 279.0)[生活],越南紫薯(5斤装 - 43.8)[],322.8
法国琥珀锅(2.5L - 279.0)[生活],金童玉女小黄瓜(3斤装 - 55.0)[],334.0
法国琥珀锅(2.5L - 279.0)[生活],新疆贵族南瓜(1个(1.25Kg) - 43.8)[],322.8
法国琥珀锅(2.5L - 279.0)[生活],黄金蜜柚(中果2粒装(1.25-1.5Kg/粒) - 45.0)[],324.0
法国琥珀锅(2.5L - 279.0)[生活],鲜纯乳品系列（鲜奶&酸奶）(酸奶7瓶装(230g/瓶) - 59.9)[],338.9
法国琥珀锅(2.5L - 279.0)[生活],便捷自烤欧式面包(法式小面包(35g*6个) - 65.0)[],344.0
法国琥珀锅(2.5L - 279.0)[生活],便捷自烤欧式面包(软式小面包(35g*6个) - 65.0)[],344.0
冰糖木瓜(5斤装 - 75.8)[],台湾白因子消毒喷雾(500ml*1瓶 - 242.0)[生活],317.8
冰糖木瓜(5斤装 - 75.8)[],进口不粘锅(煎锅 28cm - 259.0)[],334.8
老盐金桔柠檬粉(10袋装(20g/袋) - 35.0)[],进口不粘锅(炒锅 32cm - 299.0)[],334.0
老盐金桔柠檬粉(10袋装(20g/袋) - 35.0)[],优选纯手工蛋糕(松露轻乳芝士2磅 - 288.0)[],323.0
老盐金桔柠檬粉(10袋装(20g/袋) - 35.0)[],优选纯手工蛋糕(百利甜情人2磅 - 288.0)[],323.0
老盐金桔柠檬粉(10袋装(20g/袋) - 35.0)[],优选纯手工蛋糕(优山美地2磅 - 288.0)[],323.0
捷克式熟酸奶(8瓶装(245ml/瓶) - 65.0)[],进口不粘锅(煎锅 28cm - 259.0)[],324.0
捷克式熟酸奶(8瓶装(245ml/瓶) - 65.0)[],阳澄湖大闸蟹礼券(588型(公3.5两 母2.5两) - 278.0)[],343.0
传统厚片纯燕麦片(燕麦麸皮 - 90.0)[],台湾白因子消毒喷雾(500ml*1瓶 - 242.0)[生活],332.0
传统厚片纯燕麦片(燕麦麸皮 - 90.0)[],日本雪平锅(22cm - 229.0)[],319.0
传统厚片纯燕麦片(厚片纯燕麦片 - 90.0)[],台湾白因子消毒喷雾(500ml*1瓶 - 242.0)[生活],332.0
传统厚片纯燕麦片(厚片纯燕麦片 - 90.0)[],日本雪平锅(22cm - 229.0)[],319.0
传统厚片纯燕麦片(谷物杂粮麦片 - 90.0)[],台湾白因子消毒喷雾(500ml*1瓶 - 242.0)[生活],332.0
传统厚片纯燕麦片(谷物杂粮麦片 - 90.0)[],日本雪平锅(22cm - 229.0)[],319.0
裸酸奶(益生菌*4瓶(120g/瓶) - 83.4)[],台湾白因子消毒喷雾(500ml*1瓶 - 242.0)[生活],325.4
裸酸奶(益生菌*4瓶(120g/瓶) - 83.4)[],进口不粘锅(煎锅 28cm - 259.0)[],342.4
裸酸奶(原味(1.08Kg/瓶) - 98.4)[],稻壳抗菌防霉砧板(中号(27.7*39.7cm) - 219.0)[],317.4
裸酸奶(原味(1.08Kg/瓶) - 98.4)[],台湾白因子消毒喷雾(500ml*1瓶 - 242.0)[生活],340.4
裸酸奶(原味(1.08Kg/瓶) - 98.4)[],日本雪平锅(22cm - 229.0)[],327.4
裸酸奶(高蛋白*3瓶(100g/瓶) - 95.4)[],台湾白因子消毒喷雾(500ml*1瓶 - 242.0)[生活],337.4
裸酸奶(高蛋白*3瓶(100g/瓶) - 95.4)[],日本雪平锅(22cm - 229.0)[],324.4
裸酸奶(百香果*3瓶(180g/瓶) - 74.4)[],台湾白因子消毒喷雾(500ml*1瓶 - 242.0)[生活],316.4
裸酸奶(百香果*3瓶(180g/瓶) - 74.4)[],进口不粘锅(煎锅 28cm - 259.0)[],333.4
谷物营养粥(12包(100g/包) - 68.0)[],进口不粘锅(煎锅 28cm - 259.0)[],327.0
新西兰进口花生酱(幼滑花生酱1瓶(380g/瓶) - 74.5)[],台湾白因子消毒喷雾(500ml*1瓶 - 242.0)[生活],316.5
新西兰进口花生酱(幼滑花生酱1瓶(380g/瓶) - 74.5)[],进口不粘锅(煎锅 28cm - 259.0)[],333.5
新西兰进口花生酱(颗粒花生酱1瓶(380g/瓶) - 74.5)[],台湾白因子消毒喷雾(500ml*1瓶 - 242.0)[生活],316.5
新西兰进口花生酱(颗粒花生酱1瓶(380g/瓶) - 74.5)[],进口不粘锅(煎锅 28cm - 259.0)[],333.5
北海红树林烤咸鸭蛋(25枚(65g/枚) - 69.9)[],进口不粘锅(煎锅 28cm - 259.0)[],328.9
法国多功能剪刀(1把 - 89.0)[生活],台湾白因子消毒喷雾(500ml*1瓶 - 242.0)[生活],331.0
法国多功能剪刀(1把 - 89.0)[生活],日本雪平锅(22cm - 229.0)[],318.0
麻辣小龙虾(龙虾2盒装(每盒15-18只) - 89.9)[],台湾白因子消毒喷雾(500ml*1瓶 - 242.0)[生活],331.9
麻辣小龙虾(龙虾2盒装(每盒15-18只) - 89.9)[],日本雪平锅(22cm - 229.0)[],318.9
麻辣小龙虾(龙虾球2盒装(300g/盒) - 79.9)[],台湾白因子消毒喷雾(500ml*1瓶 - 242.0)[生活],321.9
麻辣小龙虾(龙虾球2盒装(300g/盒) - 79.9)[],进口不粘锅(煎锅 28cm - 259.0)[],338.9
挪威北极真鳕鱼(2斤装 - 114.9)[],稻壳抗菌防霉砧板(中号(27.7*39.7cm) - 219.0)[],333.9
挪威北极真鳕鱼(2斤装 - 114.9)[],日本雪平锅(22cm - 229.0)[],343.9
稻壳抗菌防霉砧板(小号(22.7*31.9cm) - 129.0)[],日本雪平锅(20cm - 199.0)[],328.0
稻壳抗菌防霉砧板(小号(22.7*31.9cm) - 129.0)[],优选纯手工蛋糕(松露轻乳芝士1磅 - 196.0)[],325.0
稻壳抗菌防霉砧板(小号(22.7*31.9cm) - 129.0)[],优选纯手工蛋糕(百利甜情人1磅 - 196.0)[],325.0
稻壳抗菌防霉砧板(小号(22.7*31.9cm) - 129.0)[],优选纯手工蛋糕(优山美地1磅 - 196.0)[],325.0
稻壳抗菌防霉砧板(小号(22.7*31.9cm) - 129.0)[],便携式折叠电水壶(灰色0.6L - 189.0)[],318.0
稻壳抗菌防霉砧板(中号(27.7*39.7cm) - 219.0)[],天然稻谷壳筷子(10双 - 109.0)[生活],328.0
稻壳抗菌防霉砧板(中号(27.7*39.7cm) - 219.0)[],儿童棒棒奶酪(原味500g*2袋 - 112.0)[],331.0
稻壳抗菌防霉砧板(中号(27.7*39.7cm) - 219.0)[],儿童棒棒奶酪(混合水果味500g*2袋 - 112.0)[],331.0
稻壳抗菌防霉砧板(中号(27.7*39.7cm) - 219.0)[],台湾白因子消毒喷雾(50ml*2瓶 - 99.0)[生活],318.0
稻壳抗菌防霉砧板(中号(27.7*39.7cm) - 219.0)[],正宗内蒙古牛肉干(原味 - 101.4)[],320.4
稻壳抗菌防霉砧板(中号(27.7*39.7cm) - 219.0)[],正宗内蒙古牛肉干(五香味 - 101.4)[],320.4
稻壳抗菌防霉砧板(中号(27.7*39.7cm) - 219.0)[],正宗内蒙古牛肉干(香辣味 - 101.4)[],320.4
稻壳抗菌防霉砧板(中号(27.7*39.7cm) - 219.0)[],香脆夹心海苔(香蕉味*4罐(52g/罐) - 119.0)[],338.0
稻壳抗菌防霉砧板(中号(27.7*39.7cm) - 219.0)[],香脆夹心海苔(芝麻味*4罐(60g/罐) - 119.0)[],338.0
稻壳抗菌防霉砧板(中号(27.7*39.7cm) - 219.0)[],意大利特级初榨橄榄油(2瓶装(500ml) - 125.0)[],344.0
稻壳抗菌防霉砧板(中号(27.7*39.7cm) - 219.0)[],秘鲁蓝莓(4盒装(120g/盒) - 99.0)[],318.0
稻壳抗菌防霉砧板(中号(27.7*39.7cm) - 219.0)[],秘鲁蓝莓(6盒装(120g/盒) - 122.8)[],341.8
稻壳抗菌防霉砧板(中号(27.7*39.7cm) - 219.0)[],英国王妃梳(粉红豹 - 118.0)[生活],337.0
稻壳抗菌防霉砧板(中号(27.7*39.7cm) - 219.0)[],英国王妃梳(冰雪奇缘 - 118.0)[生活],337.0
稻壳抗菌防霉砧板(中号(27.7*39.7cm) - 219.0)[],英国王妃梳(粉色波点 - 118.0)[生活],337.0
稻壳抗菌防霉砧板(中号(27.7*39.7cm) - 219.0)[],英国王妃梳(热带丛林 - 118.0)[生活],337.0
稻壳抗菌防霉砧板(中号(27.7*39.7cm) - 219.0)[],云南华坪凯特芒果(6斤装(3-5个) - 99.9)[],318.9
稻壳抗菌防霉砧板(中号(27.7*39.7cm) - 219.0)[],KN95级防颗粒物口罩（成人款、儿童款）(成人款25只 - 119.0)[],338.0
稻壳抗菌防霉砧板(中号(27.7*39.7cm) - 219.0)[],KN95级防颗粒物口罩（成人款、儿童款）(黄色小鹿5只 - 99.0)[],318.0
稻壳抗菌防霉砧板(中号(27.7*39.7cm) - 219.0)[],KN95级防颗粒物口罩（成人款、儿童款）(棕色小熊5只 - 99.0)[],318.0
稻壳抗菌防霉砧板(中号(27.7*39.7cm) - 219.0)[],KN95级防颗粒物口罩（成人款、儿童款）(红色老虎5只 - 99.0)[],318.0
稻壳抗菌防霉砧板(中号(27.7*39.7cm) - 219.0)[],KN95级防颗粒物口罩（成人款、儿童款）(粉色斑马5只 - 99.0)[],318.0
稻壳抗菌防霉砧板(中号(27.7*39.7cm) - 219.0)[],稻花香大米(5Kg - 118.0)[],337.0
稻壳抗菌防霉砧板(中号(27.7*39.7cm) - 219.0)[],冷榨亚麻籽油(4瓶装(500ml/瓶) - 115.0)[],334.0
稻壳抗菌防霉砧板(中号(27.7*39.7cm) - 219.0)[],老北京五香酱牛肉(3袋装(200g/袋) - 116.0)[],335.0
稻壳抗菌防霉砧板(中号(27.7*39.7cm) - 219.0)[],养生汤料组合(姬松茸红枣 - 108.0)[],327.0
稻壳抗菌防霉砧板(中号(27.7*39.7cm) - 219.0)[],养生汤料组合(虫草花干贝 - 108.0)[],327.0
稻壳抗菌防霉砧板(中号(27.7*39.7cm) - 219.0)[],便捷自烤欧式面包(烟熏芝士面包(50g*4个) - 115.0)[],334.0
稻壳抗菌防霉砧板(中号(27.7*39.7cm) - 219.0)[],强效干洗清洁剂(1瓶(946ml/瓶)，赠擦拭布一块 - 98.0)[],317.0
天然稻谷壳筷子(10双 - 109.0)[生活],日本雪平锅(22cm - 229.0)[],338.0
儿童棒棒奶酪(原味500g*2袋 - 112.0)[],日本雪平锅(22cm - 229.0)[],341.0
儿童棒棒奶酪(混合水果味500g*2袋 - 112.0)[],日本雪平锅(22cm - 229.0)[],341.0
儿童防滑拖鞋(浅粉25/26 - 69.0)[生活],进口不粘锅(煎锅 28cm - 259.0)[],328.0
儿童防滑拖鞋(浅粉27/28 - 69.0)[生活],进口不粘锅(煎锅 28cm - 259.0)[],328.0
儿童防滑拖鞋(浅粉29/30 - 69.0)[生活],进口不粘锅(煎锅 28cm - 259.0)[],328.0
儿童防滑拖鞋(浅粉31/32 - 69.0)[生活],进口不粘锅(煎锅 28cm - 259.0)[],328.0
儿童防滑拖鞋(浅粉33/34 - 69.0)[生活],进口不粘锅(煎锅 28cm - 259.0)[],328.0
儿童防滑拖鞋(宝蓝25/26 - 69.0)[生活],进口不粘锅(煎锅 28cm - 259.0)[],328.0
儿童防滑拖鞋(宝蓝27/28 - 69.0)[生活],进口不粘锅(煎锅 28cm - 259.0)[],328.0
儿童防滑拖鞋(宝蓝29/30 - 69.0)[生活],进口不粘锅(煎锅 28cm - 259.0)[],328.0
儿童防滑拖鞋(宝蓝31/32 - 69.0)[生活],进口不粘锅(煎锅 28cm - 259.0)[],328.0
儿童防滑拖鞋(宝蓝33/34 - 69.0)[生活],进口不粘锅(煎锅 28cm - 259.0)[],328.0
台湾薏仁红豆粉(1罐 - 79.0)[],台湾白因子消毒喷雾(500ml*1瓶 - 242.0)[生活],321.0
台湾薏仁红豆粉(1罐 - 79.0)[],进口不粘锅(煎锅 28cm - 259.0)[],338.0
台湾白因子消毒喷雾(25ml*6瓶 - 155.0)[生活],日本雪平锅(18cm - 179.0)[],334.0
台湾白因子消毒喷雾(25ml*6瓶 - 155.0)[生活],加拿大天然水果条(72条装 - 166.0)[],321.0
台湾白因子消毒喷雾(25ml*6瓶 - 155.0)[生活],无添加鲜炖燕窝(3瓶装(45g/瓶) - 177.0)[],332.0
台湾白因子消毒喷雾(25ml*6瓶 - 155.0)[生活],英国害羞邦尼兔(奶油色 - 169.0)[],324.0
台湾白因子消毒喷雾(25ml*6瓶 - 155.0)[生活],英国害羞邦尼兔(郁金香粉 - 169.0)[],324.0
台湾白因子消毒喷雾(25ml*6瓶 - 155.0)[生活],英国害羞邦尼兔(水蓝色 - 169.0)[],324.0
台湾白因子消毒喷雾(25ml*6瓶 - 155.0)[生活],英国害羞邦尼兔(银灰色 - 169.0)[],324.0
台湾白因子消毒喷雾(25ml*6瓶 - 155.0)[生活],英国害羞邦尼兔(米棕色 - 169.0)[],324.0
台湾白因子消毒喷雾(25ml*6瓶 - 155.0)[生活],英国害羞邦尼兔(浅粉色 - 169.0)[],324.0
台湾白因子消毒喷雾(25ml*6瓶 - 155.0)[生活],百桃一号(6粒装(250g/粒) - 168.0)[百桃一号],323.0
台湾白因子消毒喷雾(25ml*6瓶 - 155.0)[生活],俄罗斯鲜冻带子(瑶柱)(2袋装 - 185.0)[],340.0
台湾白因子消毒喷雾(25ml*6瓶 - 155.0)[生活],便携式折叠电水壶(灰色0.6L - 189.0)[],344.0
台湾白因子消毒喷雾(50ml*2瓶 - 99.0)[生活],台湾白因子消毒喷雾(500ml*1瓶 - 242.0)[生活],341.0
台湾白因子消毒喷雾(50ml*2瓶 - 99.0)[生活],日本雪平锅(22cm - 229.0)[],328.0
台湾白因子消毒喷雾(100ml*1瓶 - 90.0)[生活],台湾白因子消毒喷雾(500ml*1瓶 - 242.0)[生活],332.0
台湾白因子消毒喷雾(100ml*1瓶 - 90.0)[生活],日本雪平锅(22cm - 229.0)[],319.0
台湾白因子消毒喷雾(500ml*1瓶 - 242.0)[生活],正宗内蒙古牛肉干(原味 - 101.4)[],343.4
台湾白因子消毒喷雾(500ml*1瓶 - 242.0)[生活],正宗内蒙古牛肉干(五香味 - 101.4)[],343.4
台湾白因子消毒喷雾(500ml*1瓶 - 242.0)[生活],正宗内蒙古牛肉干(香辣味 - 101.4)[],343.4
台湾白因子消毒喷雾(500ml*1瓶 - 242.0)[生活],韩国蜂蜜柚子茶(2瓶装(550g/瓶) - 75.0)[],317.0
台湾白因子消毒喷雾(500ml*1瓶 - 242.0)[生活],台湾黑糖小饼干(5袋装(200g/袋) - 89.9)[],331.9
台湾白因子消毒喷雾(500ml*1瓶 - 242.0)[生活],防滑拖鞋(女款浅绿35/36 - 79.0)[生活],321.0
台湾白因子消毒喷雾(500ml*1瓶 - 242.0)[生活],防滑拖鞋(女款浅绿37/38 - 79.0)[生活],321.0
台湾白因子消毒喷雾(500ml*1瓶 - 242.0)[生活],防滑拖鞋(女款浅绿39/40 - 79.0)[生活],321.0
台湾白因子消毒喷雾(500ml*1瓶 - 242.0)[生活],防滑拖鞋(女款浅粉35/36 - 79.0)[生活],321.0
台湾白因子消毒喷雾(500ml*1瓶 - 242.0)[生活],防滑拖鞋(女款浅粉37/38 - 79.0)[生活],321.0
台湾白因子消毒喷雾(500ml*1瓶 - 242.0)[生活],防滑拖鞋(女款浅粉39/40 - 79.0)[生活],321.0
台湾白因子消毒喷雾(500ml*1瓶 - 242.0)[生活],防滑拖鞋(男款深蓝41/42 - 79.0)[生活],321.0
台湾白因子消毒喷雾(500ml*1瓶 - 242.0)[生活],防滑拖鞋(男款深蓝43/44 - 79.0)[生活],321.0
台湾白因子消毒喷雾(500ml*1瓶 - 242.0)[生活],防滑拖鞋(男款深蓝45/46 - 79.0)[生活],321.0
台湾白因子消毒喷雾(500ml*1瓶 - 242.0)[生活],防滑拖鞋(男款宝蓝41/42 - 79.0)[生活],321.0
台湾白因子消毒喷雾(500ml*1瓶 - 242.0)[生活],防滑拖鞋(男款宝蓝43/44 - 79.0)[生活],321.0
台湾白因子消毒喷雾(500ml*1瓶 - 242.0)[生活],防滑拖鞋(男款宝蓝45/46 - 79.0)[生活],321.0
台湾白因子消毒喷雾(500ml*1瓶 - 242.0)[生活],瑞士儿童&情侣牙刷(儿童款绿色(4260)*2支 - 76.0)[],318.0
台湾白因子消毒喷雾(500ml*1瓶 - 242.0)[生活],瑞士儿童&情侣牙刷(儿童款蓝色(4260)*2支 - 76.0)[],318.0
台湾白因子消毒喷雾(500ml*1瓶 - 242.0)[生活],瑞士儿童&情侣牙刷(儿童款粉色(4260)*2支 - 76.0)[],318.0
台湾白因子消毒喷雾(500ml*1瓶 - 242.0)[生活],瑞士儿童&情侣牙刷(彩色软毛(7600)*2支 - 76.0)[],318.0
台湾白因子消毒喷雾(500ml*1瓶 - 242.0)[生活],瑞士儿童&情侣牙刷(超柔软毛(5460)*2支 - 76.0)[],318.0
台湾白因子消毒喷雾(500ml*1瓶 - 242.0)[生活],瑞士儿童&情侣牙刷(限量纹身情侣款(5460)*2支 - 82.0)[],324.0
台湾白因子消毒喷雾(500ml*1瓶 - 242.0)[生活],瑞士儿童&情侣牙刷(限量中国竹情侣款(5460)*2支 - 82.0)[],324.0
台湾白因子消毒喷雾(500ml*1瓶 - 242.0)[生活],黑糯玉米(10根装(220g/根) - 88.0)[],330.0
台湾白因子消毒喷雾(500ml*1瓶 - 242.0)[生活],纯天然植物牙膏(左手香植物牙膏(100g) - 85.0)[],327.0
台湾白因子消毒喷雾(500ml*1瓶 - 242.0)[生活],进口澳柑(12粒装(175±10g/粒) - 77.8)[],319.8
台湾白因子消毒喷雾(500ml*1瓶 - 242.0)[生活],莱阳蜜梨(6-8粒装(7.5-8斤) - 88.0)[],330.0
台湾白因子消毒喷雾(500ml*1瓶 - 242.0)[生活],秘鲁蓝莓(4盒装(120g/盒) - 99.0)[],341.0
台湾白因子消毒喷雾(500ml*1瓶 - 242.0)[生活],美国无核黑提(2斤装 - 85.8)[],327.8
台湾白因子消毒喷雾(500ml*1瓶 - 242.0)[生活],天然纯棉巾(4盒装 - 88.0)[生活],330.0
台湾白因子消毒喷雾(500ml*1瓶 - 242.0)[生活],广式&传统速食早点系列(笑口叉烧包(45g*6个) - 84.0)[],326.0
台湾白因子消毒喷雾(500ml*1瓶 - 242.0)[生活],广式&传统速食早点系列(蛋黄流沙包(40g*6个) - 75.2)[],317.2
台湾白因子消毒喷雾(500ml*1瓶 - 242.0)[生活],广式&传统速食早点系列(乌金流沙包(40g*6个) - 96.0)[],338.0
台湾白因子消毒喷雾(500ml*1瓶 - 242.0)[生活],澳洲晚脐橙(12粒装 - 73.8)[],315.8
台湾白因子消毒喷雾(500ml*1瓶 - 242.0)[生活],云南华坪凯特芒果(6斤装(3-5个) - 99.9)[],341.9
台湾白因子消毒喷雾(500ml*1瓶 - 242.0)[生活],蒲江红心猕猴桃(18粒装 - 89.9)[],331.9
台湾白因子消毒喷雾(500ml*1瓶 - 242.0)[生活],KN95级防颗粒物口罩（成人款、儿童款）(黄色小鹿5只 - 99.0)[],341.0
台湾白因子消毒喷雾(500ml*1瓶 - 242.0)[生活],KN95级防颗粒物口罩（成人款、儿童款）(棕色小熊5只 - 99.0)[],341.0
台湾白因子消毒喷雾(500ml*1瓶 - 242.0)[生活],KN95级防颗粒物口罩（成人款、儿童款）(红色老虎5只 - 99.0)[],341.0
台湾白因子消毒喷雾(500ml*1瓶 - 242.0)[生活],KN95级防颗粒物口罩（成人款、儿童款）(粉色斑马5只 - 99.0)[],341.0
台湾白因子消毒喷雾(500ml*1瓶 - 242.0)[生活],炭烤手撕猪肉脯(2盒装(240g/盒) - 85.0)[],327.0
台湾白因子消毒喷雾(500ml*1瓶 - 242.0)[生活],新派腊肉(2袋装(400g/袋) - 89.9)[],331.9
台湾白因子消毒喷雾(500ml*1瓶 - 242.0)[生活],徐香猕猴桃(24枚装(4.8斤) - 78.0)[],320.0
台湾白因子消毒喷雾(500ml*1瓶 - 242.0)[生活],珍珠干冬菇(2瓶装(120g/瓶) - 79.6)[],321.6
台湾白因子消毒喷雾(500ml*1瓶 - 242.0)[生活],即食红枣枸杞银耳汤(2盒装(90g/盒) - 89.6)[],331.6
台湾白因子消毒喷雾(500ml*1瓶 - 242.0)[生活],美国姬娜果(12粒装(190g/粒) - 79.8)[],321.8
台湾白因子消毒喷雾(500ml*1瓶 - 242.0)[生活],雪山冻干枸杞(1盒装(160g) - 89.9)[],331.9
台湾白因子消毒喷雾(500ml*1瓶 - 242.0)[生活],手工有机干莲子(1袋装(180g/盒) - 75.0)[],317.0
台湾白因子消毒喷雾(500ml*1瓶 - 242.0)[生活],王林苹果(12粒装(约6斤) - 88.0)[],330.0
台湾白因子消毒喷雾(500ml*1瓶 - 242.0)[生活],南美白虾仁(1袋装(500g/袋) - 79.9)[],321.9
台湾白因子消毒喷雾(500ml*1瓶 - 242.0)[生活],原味葵花籽(6袋装(185g/袋) - 74.9)[],316.9
台湾白因子消毒喷雾(500ml*1瓶 - 242.0)[生活],兰州水果百合(6年生三头皇3袋装（160-180g/袋） - 89.9)[],331.9
台湾白因子消毒喷雾(500ml*1瓶 - 242.0)[生活],蒲烧鳗鱼(1袋装(271g/袋) - 89.9)[],331.9
台湾白因子消毒喷雾(500ml*1瓶 - 242.0)[生活],便捷自烤欧式面包(全麦法棍(100g*3个) - 90.0)[],332.0
台湾白因子消毒喷雾(500ml*1瓶 - 242.0)[生活],便捷自烤欧式面包(碱圈(80g*4个) - 90.0)[],332.0
台湾白因子消毒喷雾(500ml*1瓶 - 242.0)[生活],莱阳福梨(6粒(6±0.2斤) - 88.0)[],330.0
台湾白因子消毒喷雾(500ml*1瓶 - 242.0)[生活],甘鲜罗汉果(2盒装(100g/盒，6个/盒) - 79.0)[],321.0
台湾白因子消毒喷雾(500ml*1瓶 - 242.0)[生活],强效干洗清洁剂(1瓶(946ml/瓶)，赠擦拭布一块 - 98.0)[],340.0
无添加猪肉松(原味 - 63.8)[],进口不粘锅(煎锅 28cm - 259.0)[],322.8
无添加猪肉松(原味 - 63.8)[],阳澄湖大闸蟹礼券(588型(公3.5两 母2.5两) - 278.0)[],341.8
无添加猪肉松(海苔味 - 63.8)[],进口不粘锅(煎锅 28cm - 259.0)[],322.8
无添加猪肉松(海苔味 - 63.8)[],阳澄湖大闸蟹礼券(588型(公3.5两 母2.5两) - 278.0)[],341.8
智利牛油果(6粒装(165g±10g/粒) - 56.8)[],进口不粘锅(煎锅 28cm - 259.0)[],315.8
智利牛油果(6粒装(165g±10g/粒) - 56.8)[],阳澄湖大闸蟹礼券(588型(公3.5两 母2.5两) - 278.0)[],334.8
智利牛油果(6粒装(165g±10g/粒) - 56.8)[],优选纯手工蛋糕(松露轻乳芝士2磅 - 288.0)[],344.8
智利牛油果(6粒装(165g±10g/粒) - 56.8)[],优选纯手工蛋糕(百利甜情人2磅 - 288.0)[],344.8
智利牛油果(6粒装(165g±10g/粒) - 56.8)[],优选纯手工蛋糕(优山美地2磅 - 288.0)[],344.8
香草海盐(1瓶装(150g/瓶) - 56.6)[],进口不粘锅(煎锅 28cm - 259.0)[],315.6
香草海盐(1瓶装(150g/瓶) - 56.6)[],阳澄湖大闸蟹礼券(588型(公3.5两 母2.5两) - 278.0)[],334.6
香草海盐(1瓶装(150g/瓶) - 56.6)[],优选纯手工蛋糕(松露轻乳芝士2磅 - 288.0)[],344.6
香草海盐(1瓶装(150g/瓶) - 56.6)[],优选纯手工蛋糕(百利甜情人2磅 - 288.0)[],344.6
香草海盐(1瓶装(150g/瓶) - 56.6)[],优选纯手工蛋糕(优山美地2磅 - 288.0)[],344.6
正宗内蒙古牛肉干(原味 - 101.4)[],日本雪平锅(22cm - 229.0)[],330.4
正宗内蒙古牛肉干(五香味 - 101.4)[],日本雪平锅(22cm - 229.0)[],330.4
正宗内蒙古牛肉干(香辣味 - 101.4)[],日本雪平锅(22cm - 229.0)[],330.4
香脆夹心海苔(香蕉味*2罐(52g/罐) - 69.0)[],进口不粘锅(煎锅 28cm - 259.0)[],328.0
香脆夹心海苔(香蕉味*4罐(52g/罐) - 119.0)[],日本雪平锅(20cm - 199.0)[],318.0
香脆夹心海苔(芝麻味*2罐(60g/罐) - 69.0)[],进口不粘锅(煎锅 28cm - 259.0)[],328.0
香脆夹心海苔(芝麻味*4罐(60g/罐) - 119.0)[],日本雪平锅(20cm - 199.0)[],318.0
韩国蜂蜜柚子茶(2瓶装(550g/瓶) - 75.0)[],进口不粘锅(煎锅 28cm - 259.0)[],334.0
酸甜蜜饯组合(普通梅片(50g/袋) - 44.5)[],进口不粘锅(炒锅 32cm - 299.0)[],343.5
酸甜蜜饯组合(普通梅片(50g/袋) - 44.5)[],阳澄湖大闸蟹礼券(588型(公3.5两 母2.5两) - 278.0)[],322.5
酸甜蜜饯组合(普通梅片(50g/袋) - 44.5)[],优选纯手工蛋糕(松露轻乳芝士2磅 - 288.0)[],332.5
酸甜蜜饯组合(普通梅片(50g/袋) - 44.5)[],优选纯手工蛋糕(百利甜情人2磅 - 288.0)[],332.5
酸甜蜜饯组合(普通梅片(50g/袋) - 44.5)[],优选纯手工蛋糕(优山美地2磅 - 288.0)[],332.5
酸甜蜜饯组合(紫苏梅片(35g/袋) - 37.5)[],进口不粘锅(炒锅 32cm - 299.0)[],336.5
酸甜蜜饯组合(紫苏梅片(35g/袋) - 37.5)[],阳澄湖大闸蟹礼券(588型(公3.5两 母2.5两) - 278.0)[],315.5
酸甜蜜饯组合(紫苏梅片(35g/袋) - 37.5)[],优选纯手工蛋糕(松露轻乳芝士2磅 - 288.0)[],325.5
酸甜蜜饯组合(紫苏梅片(35g/袋) - 37.5)[],优选纯手工蛋糕(百利甜情人2磅 - 288.0)[],325.5
酸甜蜜饯组合(紫苏梅片(35g/袋) - 37.5)[],优选纯手工蛋糕(优山美地2磅 - 288.0)[],325.5
酸甜蜜饯组合(日式话梅(50g/袋) - 32.0)[],进口不粘锅(炒锅 32cm - 299.0)[],331.0
酸甜蜜饯组合(日式话梅(50g/袋) - 32.0)[],优选纯手工蛋糕(松露轻乳芝士2磅 - 288.0)[],320.0
酸甜蜜饯组合(日式话梅(50g/袋) - 32.0)[],优选纯手工蛋糕(百利甜情人2磅 - 288.0)[],320.0
酸甜蜜饯组合(日式话梅(50g/袋) - 32.0)[],优选纯手工蛋糕(优山美地2磅 - 288.0)[],320.0
酸甜蜜饯组合(原味梅粒(50g/袋) - 49.5)[],阳澄湖大闸蟹礼券(588型(公3.5两 母2.5两) - 278.0)[],327.5
酸甜蜜饯组合(原味梅粒(50g/袋) - 49.5)[],优选纯手工蛋糕(松露轻乳芝士2磅 - 288.0)[],337.5
酸甜蜜饯组合(原味梅粒(50g/袋) - 49.5)[],优选纯手工蛋糕(百利甜情人2磅 - 288.0)[],337.5
酸甜蜜饯组合(原味梅粒(50g/袋) - 49.5)[],优选纯手工蛋糕(优山美地2磅 - 288.0)[],337.5
酸甜蜜饯组合(黄桃干(55g/袋) - 48.0)[],阳澄湖大闸蟹礼券(588型(公3.5两 母2.5两) - 278.0)[],326.0
酸甜蜜饯组合(黄桃干(55g/袋) - 48.0)[],优选纯手工蛋糕(松露轻乳芝士2磅 - 288.0)[],336.0
酸甜蜜饯组合(黄桃干(55g/袋) - 48.0)[],优选纯手工蛋糕(百利甜情人2磅 - 288.0)[],336.0
酸甜蜜饯组合(黄桃干(55g/袋) - 48.0)[],优选纯手工蛋糕(优山美地2磅 - 288.0)[],336.0
牛奶小西瓜(2粒装(约6斤) - 69.9)[],进口不粘锅(煎锅 28cm - 259.0)[],328.9
现磨三色胡椒(1瓶装(100g/瓶) - 56.6)[],进口不粘锅(煎锅 28cm - 259.0)[],315.6
现磨三色胡椒(1瓶装(100g/瓶) - 56.6)[],阳澄湖大闸蟹礼券(588型(公3.5两 母2.5两) - 278.0)[],334.6
现磨三色胡椒(1瓶装(100g/瓶) - 56.6)[],优选纯手工蛋糕(松露轻乳芝士2磅 - 288.0)[],344.6
现磨三色胡椒(1瓶装(100g/瓶) - 56.6)[],优选纯手工蛋糕(百利甜情人2磅 - 288.0)[],344.6
现磨三色胡椒(1瓶装(100g/瓶) - 56.6)[],优选纯手工蛋糕(优山美地2磅 - 288.0)[],344.6
水晶糖姜(2瓶装 - 72.0)[],进口不粘锅(煎锅 28cm - 259.0)[],331.0
酥脆红枣片(5袋装 - 69.9)[],进口不粘锅(煎锅 28cm - 259.0)[],328.9
台湾黑糖小饼干(5袋装(200g/袋) - 89.9)[],日本雪平锅(22cm - 229.0)[],318.9
无添加两年特调酱油(1瓶(250ml/瓶) - 55.0)[],阳澄湖大闸蟹礼券(588型(公3.5两 母2.5两) - 278.0)[],333.0
无添加两年特调酱油(1瓶(250ml/瓶) - 55.0)[],优选纯手工蛋糕(松露轻乳芝士2磅 - 288.0)[],343.0
无添加两年特调酱油(1瓶(250ml/瓶) - 55.0)[],优选纯手工蛋糕(百利甜情人2磅 - 288.0)[],343.0
无添加两年特调酱油(1瓶(250ml/瓶) - 55.0)[],优选纯手工蛋糕(优山美地2磅 - 288.0)[],343.0
日本雪平锅(18cm - 179.0)[],日本焖烧壶(银白色 - 149.0)[],328.0
日本雪平锅(18cm - 179.0)[],日本焖烧壶(桃粉色 - 149.0)[],328.0
日本雪平锅(18cm - 179.0)[],日本焖烧壶(雅红色 - 149.0)[],328.0
日本雪平锅(18cm - 179.0)[],日本不锈钢保温杯(墨蓝色 - 149.0)[生活],328.0
日本雪平锅(18cm - 179.0)[],日本不锈钢保温杯(蒂凡尼蓝 - 149.0)[生活],328.0
日本雪平锅(18cm - 179.0)[],日本不锈钢保温杯(芭比粉 - 149.0)[生活],328.0
日本雪平锅(18cm - 179.0)[],日本不锈钢保温杯(芒果黄 - 149.0)[生活],328.0
日本雪平锅(18cm - 179.0)[],日本不锈钢保温杯(探戈红 - 149.0)[生活],328.0
日本雪平锅(18cm - 179.0)[],阳澄湖大闸蟹礼券(388型(公3.0两 母2.0两) - 149.0)[],328.0
日本雪平锅(20cm - 199.0)[],意大利特级初榨橄榄油(2瓶装(500ml) - 125.0)[],324.0
日本雪平锅(20cm - 199.0)[],秘鲁蓝莓(6盒装(120g/盒) - 122.8)[],321.8
日本雪平锅(20cm - 199.0)[],英国王妃梳(粉红豹 - 118.0)[生活],317.0
日本雪平锅(20cm - 199.0)[],英国王妃梳(冰雪奇缘 - 118.0)[生活],317.0
日本雪平锅(20cm - 199.0)[],英国王妃梳(粉色波点 - 118.0)[生活],317.0
日本雪平锅(20cm - 199.0)[],英国王妃梳(热带丛林 - 118.0)[生活],317.0
日本雪平锅(20cm - 199.0)[],KN95级防颗粒物口罩（成人款、儿童款）(成人款25只 - 119.0)[],318.0
日本雪平锅(20cm - 199.0)[],稻花香大米(5Kg - 118.0)[],317.0
日本雪平锅(22cm - 229.0)[],黑糯玉米(10根装(220g/根) - 88.0)[],317.0
日本雪平锅(22cm - 229.0)[],莱阳蜜梨(6-8粒装(7.5-8斤) - 88.0)[],317.0
日本雪平锅(22cm - 229.0)[],秘鲁蓝莓(4盒装(120g/盒) - 99.0)[],328.0
日本雪平锅(22cm - 229.0)[],天然纯棉巾(4盒装 - 88.0)[生活],317.0
日本雪平锅(22cm - 229.0)[],广式&传统速食早点系列(乌金流沙包(40g*6个) - 96.0)[],325.0
日本雪平锅(22cm - 229.0)[],云南华坪凯特芒果(6斤装(3-5个) - 99.9)[],328.9
日本雪平锅(22cm - 229.0)[],蒲江红心猕猴桃(18粒装 - 89.9)[],318.9
日本雪平锅(22cm - 229.0)[],KN95级防颗粒物口罩（成人款、儿童款）(黄色小鹿5只 - 99.0)[],328.0
日本雪平锅(22cm - 229.0)[],KN95级防颗粒物口罩（成人款、儿童款）(棕色小熊5只 - 99.0)[],328.0
日本雪平锅(22cm - 229.0)[],KN95级防颗粒物口罩（成人款、儿童款）(红色老虎5只 - 99.0)[],328.0
日本雪平锅(22cm - 229.0)[],KN95级防颗粒物口罩（成人款、儿童款）(粉色斑马5只 - 99.0)[],328.0
日本雪平锅(22cm - 229.0)[],新派腊肉(2袋装(400g/袋) - 89.9)[],318.9
日本雪平锅(22cm - 229.0)[],即食红枣枸杞银耳汤(2盒装(90g/盒) - 89.6)[],318.6
日本雪平锅(22cm - 229.0)[],冷榨亚麻籽油(4瓶装(500ml/瓶) - 115.0)[],344.0
日本雪平锅(22cm - 229.0)[],雪山冻干枸杞(1盒装(160g) - 89.9)[],318.9
日本雪平锅(22cm - 229.0)[],王林苹果(12粒装(约6斤) - 88.0)[],317.0
日本雪平锅(22cm - 229.0)[],兰州水果百合(6年生三头皇3袋装（160-180g/袋） - 89.9)[],318.9
日本雪平锅(22cm - 229.0)[],养生汤料组合(姬松茸红枣 - 108.0)[],337.0
日本雪平锅(22cm - 229.0)[],养生汤料组合(虫草花干贝 - 108.0)[],337.0
日本雪平锅(22cm - 229.0)[],蒲烧鳗鱼(1袋装(271g/袋) - 89.9)[],318.9
日本雪平锅(22cm - 229.0)[],便捷自烤欧式面包(烟熏芝士面包(50g*4个) - 115.0)[],344.0
日本雪平锅(22cm - 229.0)[],便捷自烤欧式面包(全麦法棍(100g*3个) - 90.0)[],319.0
日本雪平锅(22cm - 229.0)[],便捷自烤欧式面包(碱圈(80g*4个) - 90.0)[],319.0
日本雪平锅(22cm - 229.0)[],莱阳福梨(6粒(6±0.2斤) - 88.0)[],317.0
日本雪平锅(22cm - 229.0)[],强效干洗清洁剂(1瓶(946ml/瓶)，赠擦拭布一块 - 98.0)[],327.0
防滑拖鞋(女款浅绿35/36 - 79.0)[生活],进口不粘锅(煎锅 28cm - 259.0)[],338.0
防滑拖鞋(女款浅绿37/38 - 79.0)[生活],进口不粘锅(煎锅 28cm - 259.0)[],338.0
防滑拖鞋(女款浅绿39/40 - 79.0)[生活],进口不粘锅(煎锅 28cm - 259.0)[],338.0
防滑拖鞋(女款浅粉35/36 - 79.0)[生活],进口不粘锅(煎锅 28cm - 259.0)[],338.0
防滑拖鞋(女款浅粉37/38 - 79.0)[生活],进口不粘锅(煎锅 28cm - 259.0)[],338.0
防滑拖鞋(女款浅粉39/40 - 79.0)[生活],进口不粘锅(煎锅 28cm - 259.0)[],338.0
防滑拖鞋(男款深蓝41/42 - 79.0)[生活],进口不粘锅(煎锅 28cm - 259.0)[],338.0
防滑拖鞋(男款深蓝43/44 - 79.0)[生活],进口不粘锅(煎锅 28cm - 259.0)[],338.0
防滑拖鞋(男款深蓝45/46 - 79.0)[生活],进口不粘锅(煎锅 28cm - 259.0)[],338.0
防滑拖鞋(男款宝蓝41/42 - 79.0)[生活],进口不粘锅(煎锅 28cm - 259.0)[],338.0
防滑拖鞋(男款宝蓝43/44 - 79.0)[生活],进口不粘锅(煎锅 28cm - 259.0)[],338.0
防滑拖鞋(男款宝蓝45/46 - 79.0)[生活],进口不粘锅(煎锅 28cm - 259.0)[],338.0
波兰曲奇饼干(榛子奶油味 - 59.6)[],进口不粘锅(煎锅 28cm - 259.0)[],318.6
波兰曲奇饼干(榛子奶油味 - 59.6)[],阳澄湖大闸蟹礼券(588型(公3.5两 母2.5两) - 278.0)[],337.6
波兰曲奇饼干(巧克力碎榛子奶油味 - 59.6)[],进口不粘锅(煎锅 28cm - 259.0)[],318.6
波兰曲奇饼干(巧克力碎榛子奶油味 - 59.6)[],阳澄湖大闸蟹礼券(588型(公3.5两 母2.5两) - 278.0)[],337.6
波兰曲奇饼干(巧克力奶油味 - 59.6)[],进口不粘锅(煎锅 28cm - 259.0)[],318.6
波兰曲奇饼干(巧克力奶油味 - 59.6)[],阳澄湖大闸蟹礼券(588型(公3.5两 母2.5两) - 278.0)[],337.6
波兰曲奇饼干(巧克力碎奶油味 - 59.6)[],进口不粘锅(煎锅 28cm - 259.0)[],318.6
波兰曲奇饼干(巧克力碎奶油味 - 59.6)[],阳澄湖大闸蟹礼券(588型(公3.5两 母2.5两) - 278.0)[],337.6
山楂优块(6袋装(128g/袋) - 49.0)[],阳澄湖大闸蟹礼券(588型(公3.5两 母2.5两) - 278.0)[],327.0
山楂优块(6袋装(128g/袋) - 49.0)[],优选纯手工蛋糕(松露轻乳芝士2磅 - 288.0)[],337.0
山楂优块(6袋装(128g/袋) - 49.0)[],优选纯手工蛋糕(百利甜情人2磅 - 288.0)[],337.0
山楂优块(6袋装(128g/袋) - 49.0)[],优选纯手工蛋糕(优山美地2磅 - 288.0)[],337.0
瑞士儿童&情侣牙刷(儿童款绿色(4260)*2支 - 76.0)[],进口不粘锅(煎锅 28cm - 259.0)[],335.0
瑞士儿童&情侣牙刷(儿童款蓝色(4260)*2支 - 76.0)[],进口不粘锅(煎锅 28cm - 259.0)[],335.0
瑞士儿童&情侣牙刷(儿童款粉色(4260)*2支 - 76.0)[],进口不粘锅(煎锅 28cm - 259.0)[],335.0
瑞士儿童&情侣牙刷(彩色软毛(7600)*2支 - 76.0)[],进口不粘锅(煎锅 28cm - 259.0)[],335.0
瑞士儿童&情侣牙刷(超柔软毛(5460)*2支 - 76.0)[],进口不粘锅(煎锅 28cm - 259.0)[],335.0
瑞士儿童&情侣牙刷(限量纹身情侣款(5460)*2支 - 82.0)[],进口不粘锅(煎锅 28cm - 259.0)[],341.0
瑞士儿童&情侣牙刷(齿间刷套装 - 68.0)[],进口不粘锅(煎锅 28cm - 259.0)[],327.0
瑞士儿童&情侣牙刷(限量中国竹情侣款(5460)*2支 - 82.0)[],进口不粘锅(煎锅 28cm - 259.0)[],341.0
古田鲜银耳(5朵装 - 59.9)[],进口不粘锅(煎锅 28cm - 259.0)[],318.9
古田鲜银耳(5朵装 - 59.9)[],阳澄湖大闸蟹礼券(588型(公3.5两 母2.5两) - 278.0)[],337.9
进口不粘锅(煎锅 28cm - 259.0)[],美国水果胡萝卜(2袋装(340g/袋) - 59.9)[],318.9
进口不粘锅(煎锅 28cm - 259.0)[],纯天然植物牙膏(左手香植物牙膏(100g) - 85.0)[],344.0
进口不粘锅(煎锅 28cm - 259.0)[],纯天然植物牙膏(凤梨酵素牙膏(100g) - 65.0)[],324.0
进口不粘锅(煎锅 28cm - 259.0)[],意大利特级初榨橄榄油(1瓶装(500ml) - 69.0)[],328.0
进口不粘锅(煎锅 28cm - 259.0)[],进口澳柑(12粒装(175±10g/粒) - 77.8)[],336.8
进口不粘锅(煎锅 28cm - 259.0)[],散养土鸡鸡肉系列(鸡翅中1Kg - 69.9)[],328.9
进口不粘锅(煎锅 28cm - 259.0)[],进口儿童防滑餐具(猫头鹰套装(绿蓝) - 61.0)[生活],320.0
进口不粘锅(煎锅 28cm - 259.0)[],进口儿童防滑餐具(猫头鹰套装(粉紫) - 61.0)[生活],320.0
进口不粘锅(煎锅 28cm - 259.0)[],进口儿童防滑餐具(长颈鹿套装(绿蓝) - 61.0)[生活],320.0
进口不粘锅(煎锅 28cm - 259.0)[],进口儿童防滑餐具(长颈鹿套装(粉紫) - 61.0)[生活],320.0
进口不粘锅(煎锅 28cm - 259.0)[],进口儿童防滑餐具(猫头鹰三件套(绿蓝) - 69.0)[生活],328.0
进口不粘锅(煎锅 28cm - 259.0)[],进口儿童防滑餐具(猫头鹰三件套(粉紫) - 69.0)[生活],328.0
进口不粘锅(煎锅 28cm - 259.0)[],美国无核黑提(2斤装 - 85.8)[],344.8
进口不粘锅(煎锅 28cm - 259.0)[],德国磨刀器(1把 - 69.0)[],328.0
进口不粘锅(煎锅 28cm - 259.0)[],广式&传统速食早点系列(笑口叉烧包(45g*6个) - 84.0)[],343.0
进口不粘锅(煎锅 28cm - 259.0)[],广式&传统速食早点系列(蛋黄流沙包(40g*6个) - 75.2)[],334.2
进口不粘锅(煎锅 28cm - 259.0)[],广式&传统速食早点系列(奶黄包(40g*6个) - 72.0)[],331.0
进口不粘锅(煎锅 28cm - 259.0)[],澳洲晚脐橙(12粒装 - 73.8)[],332.8
进口不粘锅(煎锅 28cm - 259.0)[],无添加脆脆虾(原味 (20g/盒) - 70.0)[],329.0
进口不粘锅(煎锅 28cm - 259.0)[],无添加脆脆虾(椒盐味 (20g/盒) - 70.0)[],329.0
进口不粘锅(煎锅 28cm - 259.0)[],新疆库尔勒全母香梨(5斤装 - 59.9)[],318.9
进口不粘锅(煎锅 28cm - 259.0)[],青州蜜桃(大果4斤装(约16粒) - 59.0)[],318.0
进口不粘锅(煎锅 28cm - 259.0)[],炭烤手撕猪肉脯(2盒装(240g/盒) - 85.0)[],344.0
进口不粘锅(煎锅 28cm - 259.0)[],徐香猕猴桃(24枚装(4.8斤) - 78.0)[],337.0
进口不粘锅(煎锅 28cm - 259.0)[],珍珠干冬菇(2瓶装(120g/瓶) - 79.6)[],338.6
进口不粘锅(煎锅 28cm - 259.0)[],黄桃罐头(8罐装(425g/罐) - 69.9)[],328.9
进口不粘锅(煎锅 28cm - 259.0)[],美国姬娜果(12粒装(190g/粒) - 79.8)[],338.8
进口不粘锅(煎锅 28cm - 259.0)[],手工有机干莲子(1袋装(180g/盒) - 75.0)[],334.0
进口不粘锅(煎锅 28cm - 259.0)[],南美白虾仁(1袋装(500g/袋) - 79.9)[],338.9
进口不粘锅(煎锅 28cm - 259.0)[],原味葵花籽(6袋装(185g/袋) - 74.9)[],333.9
进口不粘锅(煎锅 28cm - 259.0)[],鲜纯乳品系列（鲜奶&酸奶）(鲜奶7瓶装(230g/瓶) - 69.9)[],328.9
进口不粘锅(煎锅 28cm - 259.0)[],鲜纯乳品系列（鲜奶&酸奶）(酸奶7瓶装(230g/瓶) - 59.9)[],318.9
进口不粘锅(煎锅 28cm - 259.0)[],台湾红宝石西柚(4粒装(300±10g/粒) - 69.8)[],328.8
进口不粘锅(煎锅 28cm - 259.0)[],便捷自烤欧式面包(健康小面包(35g*6个) - 72.5)[],331.5
进口不粘锅(煎锅 28cm - 259.0)[],便捷自烤欧式面包(法式小面包(35g*6个) - 65.0)[],324.0
进口不粘锅(煎锅 28cm - 259.0)[],便捷自烤欧式面包(软式小面包(35g*6个) - 65.0)[],324.0
进口不粘锅(煎锅 28cm - 259.0)[],便捷自烤欧式面包(方形农夫硬餐包(35g*6个) - 72.5)[],331.5
进口不粘锅(煎锅 28cm - 259.0)[],便捷自烤欧式面包(碱水小面包(35g*6个) - 72.5)[],331.5
进口不粘锅(煎锅 28cm - 259.0)[],天水花牛苹果(12粒装(200-300g/粒) - 69.9)[],328.9
进口不粘锅(煎锅 28cm - 259.0)[],甘鲜罗汉果(2盒装(100g/盒，6个/盒) - 79.0)[],338.0
进口不粘锅(炒锅 32cm - 299.0)[],菇娘果(3斤装 - 45.0)[],344.0
进口不粘锅(炒锅 32cm - 299.0)[],散养土鸡鸡肉系列(鸡大胸1Kg - 39.9)[],338.9
进口不粘锅(炒锅 32cm - 299.0)[],平和红心蜜柚(2粒装(约5斤) - 45.0)[],344.0
进口不粘锅(炒锅 32cm - 299.0)[],越南紫薯(5斤装 - 43.8)[],342.8
进口不粘锅(炒锅 32cm - 299.0)[],新疆贵族南瓜(1个(1.25Kg) - 43.8)[],342.8
进口不粘锅(炒锅 32cm - 299.0)[],黄金蜜柚(中果2粒装(1.25-1.5Kg/粒) - 45.0)[],344.0
美国水果胡萝卜(2袋装(340g/袋) - 59.9)[],阳澄湖大闸蟹礼券(588型(公3.5两 母2.5两) - 278.0)[],337.9
加拿大天然水果条(72条装 - 166.0)[],无添加鲜炖燕窝(3瓶装(45g/瓶) - 177.0)[],343.0
加拿大天然水果条(72条装 - 166.0)[],英国害羞邦尼兔(奶油色 - 169.0)[],335.0
加拿大天然水果条(72条装 - 166.0)[],英国害羞邦尼兔(郁金香粉 - 169.0)[],335.0
加拿大天然水果条(72条装 - 166.0)[],英国害羞邦尼兔(水蓝色 - 169.0)[],335.0
加拿大天然水果条(72条装 - 166.0)[],英国害羞邦尼兔(银灰色 - 169.0)[],335.0
加拿大天然水果条(72条装 - 166.0)[],英国害羞邦尼兔(米棕色 - 169.0)[],335.0
加拿大天然水果条(72条装 - 166.0)[],英国害羞邦尼兔(浅粉色 - 169.0)[],335.0
加拿大天然水果条(72条装 - 166.0)[],百桃一号(6粒装(250g/粒) - 168.0)[百桃一号],334.0
纯天然植物牙膏(凤梨酵素牙膏(100g) - 65.0)[],阳澄湖大闸蟹礼券(588型(公3.5两 母2.5两) - 278.0)[],343.0
菇娘果(3斤装 - 45.0)[],阳澄湖大闸蟹礼券(588型(公3.5两 母2.5两) - 278.0)[],323.0
菇娘果(3斤装 - 45.0)[],优选纯手工蛋糕(松露轻乳芝士2磅 - 288.0)[],333.0
菇娘果(3斤装 - 45.0)[],优选纯手工蛋糕(百利甜情人2磅 - 288.0)[],333.0
菇娘果(3斤装 - 45.0)[],优选纯手工蛋糕(优山美地2磅 - 288.0)[],333.0
意大利特级初榨橄榄油(2瓶装(500ml) - 125.0)[],优选纯手工蛋糕(松露轻乳芝士1磅 - 196.0)[],321.0
意大利特级初榨橄榄油(2瓶装(500ml) - 125.0)[],优选纯手工蛋糕(百利甜情人1磅 - 196.0)[],321.0
意大利特级初榨橄榄油(2瓶装(500ml) - 125.0)[],优选纯手工蛋糕(优山美地1磅 - 196.0)[],321.0
无添加鲜炖燕窝(3瓶装(45g/瓶) - 177.0)[],日本焖烧壶(银白色 - 149.0)[],326.0
无添加鲜炖燕窝(3瓶装(45g/瓶) - 177.0)[],日本焖烧壶(桃粉色 - 149.0)[],326.0
无添加鲜炖燕窝(3瓶装(45g/瓶) - 177.0)[],日本焖烧壶(雅红色 - 149.0)[],326.0
无添加鲜炖燕窝(3瓶装(45g/瓶) - 177.0)[],日本不锈钢保温杯(墨蓝色 - 149.0)[生活],326.0
无添加鲜炖燕窝(3瓶装(45g/瓶) - 177.0)[],日本不锈钢保温杯(蒂凡尼蓝 - 149.0)[生活],326.0
无添加鲜炖燕窝(3瓶装(45g/瓶) - 177.0)[],日本不锈钢保温杯(芭比粉 - 149.0)[生活],326.0
无添加鲜炖燕窝(3瓶装(45g/瓶) - 177.0)[],日本不锈钢保温杯(芒果黄 - 149.0)[生活],326.0
无添加鲜炖燕窝(3瓶装(45g/瓶) - 177.0)[],日本不锈钢保温杯(探戈红 - 149.0)[生活],326.0
无添加鲜炖燕窝(3瓶装(45g/瓶) - 177.0)[],阳澄湖大闸蟹礼券(388型(公3.0两 母2.0两) - 149.0)[],326.0
秘鲁蓝莓(6盒装(120g/盒) - 122.8)[],优选纯手工蛋糕(松露轻乳芝士1磅 - 196.0)[],318.8
秘鲁蓝莓(6盒装(120g/盒) - 122.8)[],优选纯手工蛋糕(百利甜情人1磅 - 196.0)[],318.8
秘鲁蓝莓(6盒装(120g/盒) - 122.8)[],优选纯手工蛋糕(优山美地1磅 - 196.0)[],318.8
散养土鸡鸡肉系列(鸡大胸1Kg - 39.9)[],阳澄湖大闸蟹礼券(588型(公3.5两 母2.5两) - 278.0)[],317.9
散养土鸡鸡肉系列(鸡大胸1Kg - 39.9)[],优选纯手工蛋糕(松露轻乳芝士2磅 - 288.0)[],327.9
散养土鸡鸡肉系列(鸡大胸1Kg - 39.9)[],优选纯手工蛋糕(百利甜情人2磅 - 288.0)[],327.9
散养土鸡鸡肉系列(鸡大胸1Kg - 39.9)[],优选纯手工蛋糕(优山美地2磅 - 288.0)[],327.9
散养土鸡鸡肉系列(鸡翅根1Kg - 49.9)[],阳澄湖大闸蟹礼券(588型(公3.5两 母2.5两) - 278.0)[],327.9
散养土鸡鸡肉系列(鸡翅根1Kg - 49.9)[],优选纯手工蛋糕(松露轻乳芝士2磅 - 288.0)[],337.9
散养土鸡鸡肉系列(鸡翅根1Kg - 49.9)[],优选纯手工蛋糕(百利甜情人2磅 - 288.0)[],337.9
散养土鸡鸡肉系列(鸡翅根1Kg - 49.9)[],优选纯手工蛋糕(优山美地2磅 - 288.0)[],337.9
进口儿童防滑餐具(猫头鹰套装(绿蓝) - 61.0)[生活],阳澄湖大闸蟹礼券(588型(公3.5两 母2.5两) - 278.0)[],339.0
进口儿童防滑餐具(猫头鹰套装(粉紫) - 61.0)[生活],阳澄湖大闸蟹礼券(588型(公3.5两 母2.5两) - 278.0)[],339.0
进口儿童防滑餐具(长颈鹿套装(绿蓝) - 61.0)[生活],阳澄湖大闸蟹礼券(588型(公3.5两 母2.5两) - 278.0)[],339.0
进口儿童防滑餐具(长颈鹿套装(粉紫) - 61.0)[生活],阳澄湖大闸蟹礼券(588型(公3.5两 母2.5两) - 278.0)[],339.0
六鳌红蜜薯(5斤装 - 48.8)[],阳澄湖大闸蟹礼券(588型(公3.5两 母2.5两) - 278.0)[],326.8
六鳌红蜜薯(5斤装 - 48.8)[],优选纯手工蛋糕(松露轻乳芝士2磅 - 288.0)[],336.8
六鳌红蜜薯(5斤装 - 48.8)[],优选纯手工蛋糕(百利甜情人2磅 - 288.0)[],336.8
六鳌红蜜薯(5斤装 - 48.8)[],优选纯手工蛋糕(优山美地2磅 - 288.0)[],336.8
天然纯棉巾(2盒装 - 48.0)[生活],阳澄湖大闸蟹礼券(588型(公3.5两 母2.5两) - 278.0)[],326.0
天然纯棉巾(2盒装 - 48.0)[生活],优选纯手工蛋糕(松露轻乳芝士2磅 - 288.0)[],336.0
天然纯棉巾(2盒装 - 48.0)[生活],优选纯手工蛋糕(百利甜情人2磅 - 288.0)[],336.0
天然纯棉巾(2盒装 - 48.0)[生活],优选纯手工蛋糕(优山美地2磅 - 288.0)[],336.0
日本焖烧壶(银白色 - 149.0)[],英国害羞邦尼兔(奶油色 - 169.0)[],318.0
日本焖烧壶(银白色 - 149.0)[],英国害羞邦尼兔(郁金香粉 - 169.0)[],318.0
日本焖烧壶(银白色 - 149.0)[],英国害羞邦尼兔(水蓝色 - 169.0)[],318.0
日本焖烧壶(银白色 - 149.0)[],英国害羞邦尼兔(银灰色 - 169.0)[],318.0
日本焖烧壶(银白色 - 149.0)[],英国害羞邦尼兔(米棕色 - 169.0)[],318.0
日本焖烧壶(银白色 - 149.0)[],英国害羞邦尼兔(浅粉色 - 169.0)[],318.0
日本焖烧壶(银白色 - 149.0)[],百桃一号(6粒装(250g/粒) - 168.0)[百桃一号],317.0
日本焖烧壶(银白色 - 149.0)[],俄罗斯鲜冻带子(瑶柱)(2袋装 - 185.0)[],334.0
日本焖烧壶(银白色 - 149.0)[],便携式折叠电水壶(灰色0.6L - 189.0)[],338.0
日本焖烧壶(桃粉色 - 149.0)[],英国害羞邦尼兔(奶油色 - 169.0)[],318.0
日本焖烧壶(桃粉色 - 149.0)[],英国害羞邦尼兔(郁金香粉 - 169.0)[],318.0
日本焖烧壶(桃粉色 - 149.0)[],英国害羞邦尼兔(水蓝色 - 169.0)[],318.0
日本焖烧壶(桃粉色 - 149.0)[],英国害羞邦尼兔(银灰色 - 169.0)[],318.0
日本焖烧壶(桃粉色 - 149.0)[],英国害羞邦尼兔(米棕色 - 169.0)[],318.0
日本焖烧壶(桃粉色 - 149.0)[],英国害羞邦尼兔(浅粉色 - 169.0)[],318.0
日本焖烧壶(桃粉色 - 149.0)[],百桃一号(6粒装(250g/粒) - 168.0)[百桃一号],317.0
日本焖烧壶(桃粉色 - 149.0)[],俄罗斯鲜冻带子(瑶柱)(2袋装 - 185.0)[],334.0
日本焖烧壶(桃粉色 - 149.0)[],便携式折叠电水壶(灰色0.6L - 189.0)[],338.0
日本焖烧壶(雅红色 - 149.0)[],英国害羞邦尼兔(奶油色 - 169.0)[],318.0
日本焖烧壶(雅红色 - 149.0)[],英国害羞邦尼兔(郁金香粉 - 169.0)[],318.0
日本焖烧壶(雅红色 - 149.0)[],英国害羞邦尼兔(水蓝色 - 169.0)[],318.0
日本焖烧壶(雅红色 - 149.0)[],英国害羞邦尼兔(银灰色 - 169.0)[],318.0
日本焖烧壶(雅红色 - 149.0)[],英国害羞邦尼兔(米棕色 - 169.0)[],318.0
日本焖烧壶(雅红色 - 149.0)[],英国害羞邦尼兔(浅粉色 - 169.0)[],318.0
日本焖烧壶(雅红色 - 149.0)[],百桃一号(6粒装(250g/粒) - 168.0)[百桃一号],317.0
日本焖烧壶(雅红色 - 149.0)[],俄罗斯鲜冻带子(瑶柱)(2袋装 - 185.0)[],334.0
日本焖烧壶(雅红色 - 149.0)[],便携式折叠电水壶(灰色0.6L - 189.0)[],338.0
日本不锈钢保温杯(墨蓝色 - 149.0)[生活],英国害羞邦尼兔(奶油色 - 169.0)[],318.0
日本不锈钢保温杯(墨蓝色 - 149.0)[生活],英国害羞邦尼兔(郁金香粉 - 169.0)[],318.0
日本不锈钢保温杯(墨蓝色 - 149.0)[生活],英国害羞邦尼兔(水蓝色 - 169.0)[],318.0
日本不锈钢保温杯(墨蓝色 - 149.0)[生活],英国害羞邦尼兔(银灰色 - 169.0)[],318.0
日本不锈钢保温杯(墨蓝色 - 149.0)[生活],英国害羞邦尼兔(米棕色 - 169.0)[],318.0
日本不锈钢保温杯(墨蓝色 - 149.0)[生活],英国害羞邦尼兔(浅粉色 - 169.0)[],318.0
日本不锈钢保温杯(墨蓝色 - 149.0)[生活],百桃一号(6粒装(250g/粒) - 168.0)[百桃一号],317.0
日本不锈钢保温杯(墨蓝色 - 149.0)[生活],俄罗斯鲜冻带子(瑶柱)(2袋装 - 185.0)[],334.0
日本不锈钢保温杯(墨蓝色 - 149.0)[生活],便携式折叠电水壶(灰色0.6L - 189.0)[],338.0
日本不锈钢保温杯(蒂凡尼蓝 - 149.0)[生活],英国害羞邦尼兔(奶油色 - 169.0)[],318.0
日本不锈钢保温杯(蒂凡尼蓝 - 149.0)[生活],英国害羞邦尼兔(郁金香粉 - 169.0)[],318.0
日本不锈钢保温杯(蒂凡尼蓝 - 149.0)[生活],英国害羞邦尼兔(水蓝色 - 169.0)[],318.0
日本不锈钢保温杯(蒂凡尼蓝 - 149.0)[生活],英国害羞邦尼兔(银灰色 - 169.0)[],318.0
日本不锈钢保温杯(蒂凡尼蓝 - 149.0)[生活],英国害羞邦尼兔(米棕色 - 169.0)[],318.0
日本不锈钢保温杯(蒂凡尼蓝 - 149.0)[生活],英国害羞邦尼兔(浅粉色 - 169.0)[],318.0
日本不锈钢保温杯(蒂凡尼蓝 - 149.0)[生活],百桃一号(6粒装(250g/粒) - 168.0)[百桃一号],317.0
日本不锈钢保温杯(蒂凡尼蓝 - 149.0)[生活],俄罗斯鲜冻带子(瑶柱)(2袋装 - 185.0)[],334.0
日本不锈钢保温杯(蒂凡尼蓝 - 149.0)[生活],便携式折叠电水壶(灰色0.6L - 189.0)[],338.0
日本不锈钢保温杯(芭比粉 - 149.0)[生活],英国害羞邦尼兔(奶油色 - 169.0)[],318.0
日本不锈钢保温杯(芭比粉 - 149.0)[生活],英国害羞邦尼兔(郁金香粉 - 169.0)[],318.0
日本不锈钢保温杯(芭比粉 - 149.0)[生活],英国害羞邦尼兔(水蓝色 - 169.0)[],318.0
日本不锈钢保温杯(芭比粉 - 149.0)[生活],英国害羞邦尼兔(银灰色 - 169.0)[],318.0
日本不锈钢保温杯(芭比粉 - 149.0)[生活],英国害羞邦尼兔(米棕色 - 169.0)[],318.0
日本不锈钢保温杯(芭比粉 - 149.0)[生活],英国害羞邦尼兔(浅粉色 - 169.0)[],318.0
日本不锈钢保温杯(芭比粉 - 149.0)[生活],百桃一号(6粒装(250g/粒) - 168.0)[百桃一号],317.0
日本不锈钢保温杯(芭比粉 - 149.0)[生活],俄罗斯鲜冻带子(瑶柱)(2袋装 - 185.0)[],334.0
日本不锈钢保温杯(芭比粉 - 149.0)[生活],便携式折叠电水壶(灰色0.6L - 189.0)[],338.0
日本不锈钢保温杯(芒果黄 - 149.0)[生活],英国害羞邦尼兔(奶油色 - 169.0)[],318.0
日本不锈钢保温杯(芒果黄 - 149.0)[生活],英国害羞邦尼兔(郁金香粉 - 169.0)[],318.0
日本不锈钢保温杯(芒果黄 - 149.0)[生活],英国害羞邦尼兔(水蓝色 - 169.0)[],318.0
日本不锈钢保温杯(芒果黄 - 149.0)[生活],英国害羞邦尼兔(银灰色 - 169.0)[],318.0
日本不锈钢保温杯(芒果黄 - 149.0)[生活],英国害羞邦尼兔(米棕色 - 169.0)[],318.0
日本不锈钢保温杯(芒果黄 - 149.0)[生活],英国害羞邦尼兔(浅粉色 - 169.0)[],318.0
日本不锈钢保温杯(芒果黄 - 149.0)[生活],百桃一号(6粒装(250g/粒) - 168.0)[百桃一号],317.0
日本不锈钢保温杯(芒果黄 - 149.0)[生活],俄罗斯鲜冻带子(瑶柱)(2袋装 - 185.0)[],334.0
日本不锈钢保温杯(芒果黄 - 149.0)[生活],便携式折叠电水壶(灰色0.6L - 189.0)[],338.0
日本不锈钢保温杯(探戈红 - 149.0)[生活],英国害羞邦尼兔(奶油色 - 169.0)[],318.0
日本不锈钢保温杯(探戈红 - 149.0)[生活],英国害羞邦尼兔(郁金香粉 - 169.0)[],318.0
日本不锈钢保温杯(探戈红 - 149.0)[生活],英国害羞邦尼兔(水蓝色 - 169.0)[],318.0
日本不锈钢保温杯(探戈红 - 149.0)[生活],英国害羞邦尼兔(银灰色 - 169.0)[],318.0
日本不锈钢保温杯(探戈红 - 149.0)[生活],英国害羞邦尼兔(米棕色 - 169.0)[],318.0
日本不锈钢保温杯(探戈红 - 149.0)[生活],英国害羞邦尼兔(浅粉色 - 169.0)[],318.0
日本不锈钢保温杯(探戈红 - 149.0)[生活],百桃一号(6粒装(250g/粒) - 168.0)[百桃一号],317.0
日本不锈钢保温杯(探戈红 - 149.0)[生活],俄罗斯鲜冻带子(瑶柱)(2袋装 - 185.0)[],334.0
日本不锈钢保温杯(探戈红 - 149.0)[生活],便携式折叠电水壶(灰色0.6L - 189.0)[],338.0
英国害羞邦尼兔(奶油色 - 169.0)[],英国害羞邦尼兔(郁金香粉 - 169.0)[],338.0
英国害羞邦尼兔(奶油色 - 169.0)[],英国害羞邦尼兔(水蓝色 - 169.0)[],338.0
英国害羞邦尼兔(奶油色 - 169.0)[],英国害羞邦尼兔(银灰色 - 169.0)[],338.0
英国害羞邦尼兔(奶油色 - 169.0)[],英国害羞邦尼兔(米棕色 - 169.0)[],338.0
英国害羞邦尼兔(奶油色 - 169.0)[],英国害羞邦尼兔(浅粉色 - 169.0)[],338.0
英国害羞邦尼兔(奶油色 - 169.0)[],阳澄湖大闸蟹礼券(388型(公3.0两 母2.0两) - 149.0)[],318.0
英国害羞邦尼兔(奶油色 - 169.0)[],百桃一号(6粒装(250g/粒) - 168.0)[百桃一号],337.0
英国害羞邦尼兔(郁金香粉 - 169.0)[],英国害羞邦尼兔(水蓝色 - 169.0)[],338.0
英国害羞邦尼兔(郁金香粉 - 169.0)[],英国害羞邦尼兔(银灰色 - 169.0)[],338.0
英国害羞邦尼兔(郁金香粉 - 169.0)[],英国害羞邦尼兔(米棕色 - 169.0)[],338.0
英国害羞邦尼兔(郁金香粉 - 169.0)[],英国害羞邦尼兔(浅粉色 - 169.0)[],338.0
英国害羞邦尼兔(郁金香粉 - 169.0)[],阳澄湖大闸蟹礼券(388型(公3.0两 母2.0两) - 149.0)[],318.0
英国害羞邦尼兔(郁金香粉 - 169.0)[],百桃一号(6粒装(250g/粒) - 168.0)[百桃一号],337.0
英国害羞邦尼兔(水蓝色 - 169.0)[],英国害羞邦尼兔(银灰色 - 169.0)[],338.0
英国害羞邦尼兔(水蓝色 - 169.0)[],英国害羞邦尼兔(米棕色 - 169.0)[],338.0
英国害羞邦尼兔(水蓝色 - 169.0)[],英国害羞邦尼兔(浅粉色 - 169.0)[],338.0
英国害羞邦尼兔(水蓝色 - 169.0)[],阳澄湖大闸蟹礼券(388型(公3.0两 母2.0两) - 149.0)[],318.0
英国害羞邦尼兔(水蓝色 - 169.0)[],百桃一号(6粒装(250g/粒) - 168.0)[百桃一号],337.0
英国害羞邦尼兔(银灰色 - 169.0)[],英国害羞邦尼兔(米棕色 - 169.0)[],338.0
英国害羞邦尼兔(银灰色 - 169.0)[],英国害羞邦尼兔(浅粉色 - 169.0)[],338.0
英国害羞邦尼兔(银灰色 - 169.0)[],阳澄湖大闸蟹礼券(388型(公3.0两 母2.0两) - 149.0)[],318.0
英国害羞邦尼兔(银灰色 - 169.0)[],百桃一号(6粒装(250g/粒) - 168.0)[百桃一号],337.0
英国害羞邦尼兔(米棕色 - 169.0)[],英国害羞邦尼兔(浅粉色 - 169.0)[],338.0
英国害羞邦尼兔(米棕色 - 169.0)[],阳澄湖大闸蟹礼券(388型(公3.0两 母2.0两) - 149.0)[],318.0
英国害羞邦尼兔(米棕色 - 169.0)[],百桃一号(6粒装(250g/粒) - 168.0)[百桃一号],337.0
英国害羞邦尼兔(浅粉色 - 169.0)[],阳澄湖大闸蟹礼券(388型(公3.0两 母2.0两) - 149.0)[],318.0
英国害羞邦尼兔(浅粉色 - 169.0)[],百桃一号(6粒装(250g/粒) - 168.0)[百桃一号],337.0
阳澄湖大闸蟹礼券(388型(公3.0两 母2.0两) - 149.0)[],百桃一号(6粒装(250g/粒) - 168.0)[百桃一号],317.0
阳澄湖大闸蟹礼券(388型(公3.0两 母2.0两) - 149.0)[],俄罗斯鲜冻带子(瑶柱)(2袋装 - 185.0)[],334.0
阳澄湖大闸蟹礼券(388型(公3.0两 母2.0两) - 149.0)[],便携式折叠电水壶(灰色0.6L - 189.0)[],338.0
阳澄湖大闸蟹礼券(588型(公3.5两 母2.5两) - 278.0)[],广式&传统速食早点系列(小白菜包子(80g*4个) - 56.0)[],334.0
阳澄湖大闸蟹礼券(588型(公3.5两 母2.5两) - 278.0)[],广式&传统速食早点系列(精品馒头(80g*4个) - 48.0)[],326.0
阳澄湖大闸蟹礼券(588型(公3.5两 母2.5两) - 278.0)[],新疆库尔勒全母香梨(5斤装 - 59.9)[],337.9
阳澄湖大闸蟹礼券(588型(公3.5两 母2.5两) - 278.0)[],青州蜜桃(大果4斤装(约16粒) - 59.0)[],337.0
阳澄湖大闸蟹礼券(588型(公3.5两 母2.5两) - 278.0)[],青州蜜桃(小果4斤装(约23粒) - 55.0)[],333.0
阳澄湖大闸蟹礼券(588型(公3.5两 母2.5两) - 278.0)[],平和红心蜜柚(2粒装(约5斤) - 45.0)[],323.0
阳澄湖大闸蟹礼券(588型(公3.5两 母2.5两) - 278.0)[],越南紫薯(5斤装 - 43.8)[],321.8
阳澄湖大闸蟹礼券(588型(公3.5两 母2.5两) - 278.0)[],金童玉女小黄瓜(3斤装 - 55.0)[],333.0
阳澄湖大闸蟹礼券(588型(公3.5两 母2.5两) - 278.0)[],新疆贵族南瓜(1个(1.25Kg) - 43.8)[],321.8
阳澄湖大闸蟹礼券(588型(公3.5两 母2.5两) - 278.0)[],黄金蜜柚(中果2粒装(1.25-1.5Kg/粒) - 45.0)[],323.0
阳澄湖大闸蟹礼券(588型(公3.5两 母2.5两) - 278.0)[],鲜纯乳品系列（鲜奶&酸奶）(酸奶7瓶装(230g/瓶) - 59.9)[],337.9
阳澄湖大闸蟹礼券(588型(公3.5两 母2.5两) - 278.0)[],便捷自烤欧式面包(法式小面包(35g*6个) - 65.0)[],343.0
阳澄湖大闸蟹礼券(588型(公3.5两 母2.5两) - 278.0)[],便捷自烤欧式面包(软式小面包(35g*6个) - 65.0)[],343.0
广式&传统速食早点系列(小白菜包子(80g*4个) - 56.0)[],优选纯手工蛋糕(松露轻乳芝士2磅 - 288.0)[],344.0
广式&传统速食早点系列(小白菜包子(80g*4个) - 56.0)[],优选纯手工蛋糕(百利甜情人2磅 - 288.0)[],344.0
广式&传统速食早点系列(小白菜包子(80g*4个) - 56.0)[],优选纯手工蛋糕(优山美地2磅 - 288.0)[],344.0
广式&传统速食早点系列(精品馒头(80g*4个) - 48.0)[],优选纯手工蛋糕(松露轻乳芝士2磅 - 288.0)[],336.0
广式&传统速食早点系列(精品馒头(80g*4个) - 48.0)[],优选纯手工蛋糕(百利甜情人2磅 - 288.0)[],336.0
广式&传统速食早点系列(精品馒头(80g*4个) - 48.0)[],优选纯手工蛋糕(优山美地2磅 - 288.0)[],336.0
青州蜜桃(小果4斤装(约23粒) - 55.0)[],优选纯手工蛋糕(松露轻乳芝士2磅 - 288.0)[],343.0
青州蜜桃(小果4斤装(约23粒) - 55.0)[],优选纯手工蛋糕(百利甜情人2磅 - 288.0)[],343.0
青州蜜桃(小果4斤装(约23粒) - 55.0)[],优选纯手工蛋糕(优山美地2磅 - 288.0)[],343.0
优选纯手工蛋糕(松露轻乳芝士2磅 - 288.0)[],平和红心蜜柚(2粒装(约5斤) - 45.0)[],333.0
优选纯手工蛋糕(松露轻乳芝士2磅 - 288.0)[],越南紫薯(5斤装 - 43.8)[],331.8
优选纯手工蛋糕(松露轻乳芝士2磅 - 288.0)[],金童玉女小黄瓜(3斤装 - 55.0)[],343.0
优选纯手工蛋糕(松露轻乳芝士2磅 - 288.0)[],新疆贵族南瓜(1个(1.25Kg) - 43.8)[],331.8
优选纯手工蛋糕(松露轻乳芝士2磅 - 288.0)[],黄金蜜柚(中果2粒装(1.25-1.5Kg/粒) - 45.0)[],333.0
优选纯手工蛋糕(百利甜情人2磅 - 288.0)[],平和红心蜜柚(2粒装(约5斤) - 45.0)[],333.0
优选纯手工蛋糕(百利甜情人2磅 - 288.0)[],越南紫薯(5斤装 - 43.8)[],331.8
优选纯手工蛋糕(百利甜情人2磅 - 288.0)[],金童玉女小黄瓜(3斤装 - 55.0)[],343.0
优选纯手工蛋糕(百利甜情人2磅 - 288.0)[],新疆贵族南瓜(1个(1.25Kg) - 43.8)[],331.8
优选纯手工蛋糕(百利甜情人2磅 - 288.0)[],黄金蜜柚(中果2粒装(1.25-1.5Kg/粒) - 45.0)[],333.0
优选纯手工蛋糕(优山美地2磅 - 288.0)[],平和红心蜜柚(2粒装(约5斤) - 45.0)[],333.0
优选纯手工蛋糕(优山美地2磅 - 288.0)[],越南紫薯(5斤装 - 43.8)[],331.8
优选纯手工蛋糕(优山美地2磅 - 288.0)[],金童玉女小黄瓜(3斤装 - 55.0)[],343.0
优选纯手工蛋糕(优山美地2磅 - 288.0)[],新疆贵族南瓜(1个(1.25Kg) - 43.8)[],331.8
优选纯手工蛋糕(优山美地2磅 - 288.0)[],黄金蜜柚(中果2粒装(1.25-1.5Kg/粒) - 45.0)[],333.0
