"59","0","0","0","7","23","90","82","133","98","108","118","111","70","118","174","170","211","330"
"237","0","20","0","225","17","173","346","636","1023","720","1373","1552","970","1072","2161","2072","2503","2566"
"261","0","0","0","0","0","0","9","44","18","8","4","19","17","9","62","109","49","66"
"290","0","0","0","0","0","0","0","0","0","0","0","0","0","0","62","56","62","76"
"316","0","0","0","0","0","0","0","0","0","0","0","205","115","100","231","162","140","96"
"320","0","0","0","0","0","0","0","85","214","156","362","469","172","92","162","148","181","144"
"368","0","0","0","0","0","0","0","0","0","0","0","0","0","117","375","284","310","233"
"430","0","0","0","0","0","0","0","0","37","155","311","649","355","270","760","1010","938","1129"
"1472","0","2","0","56","108","123","101","88","188","130","445","510","301","221","369","198","207","263"
"1568","0","0","0","0","96","336","260","231","368","366","818","921","514","426","1099","888","931","919"
"4285","0","0","0","0","0","0","0","0","0","0","0","0","0","0","92","364","605","541"
"4310","0","0","0","0","0","0","0","0","0","0","112","209","111","86","162","131","170","170"
"4387","0","0","0","0","0","0","0","0","0","0","0","0","0","0","0","1","34","69"
"4521","0","0","0","0","0","0","2","36","20","26","21","20","27","11","52","41","64","69"
"4879","0","0","0","0","0","0","0","0","0","0","10","416","232","172","363","246","284","309"
"4880","0","0","0","0","0","0","0","0","44","33","123","203","79","72","151","152","160","95"
"5751","0","0","0","0","0","0","0","0","0","0","0","0","0","0","0","0","0","79"
"5820","0","0","0","0","0","0","0","1","6","3","3","0","0","3","48","39","35","63"
"5828","0","0","0","0","0","0","0","0","0","0","0","0","0","0","143","209","192","166"
"7728","0","0","0","0","0","0","0","0","0","0","0","0","0","0","0","48","242","149"
"8634","0","0","0","0","0","19","40","96","279","263","813","1008","556","684","1055","1011","1020","631"
"9547","0","0","0","0","77","53","37","73","407","154","381","375","197","103","379","375","422","391"
"9698","0","0","0","0","0","0","0","2","1","2","0","1","6","0","4","35","71","74"
"9711","0","0","0","0","47","181","307","284","489","242","265","180","136","63","93","94","116","133"
"10872","0","0","0","0","0","3","22","102","106","107","179","203","78","20","52","47","17","63"
"11623","0","0","0","0","0","0","0","0","0","0","0","0","0","0","0","392","457","301"
"11756","0","0","0","0","0","0","0","0","0","0","0","0","0","0","0","0","0","86"
"11770","0","0","0","0","0","0","46","81","300","410","586","588","428","210","495","407","544","429"
"11853","0","0","0","0","0","0","0","0","0","0","0","12","40","89","108","61","118","87"
"12465","0","0","0","0","0","33","51","81","77","153","142","70","43","32","78","69","61","71"
"13401","0","0","0","0","0","64","32","19","35","106","485","407","169","41","192","143","134","159"
"14196","0","0","0","0","0","0","0","0","0","0","0","0","0","0","56","95","128","103"
"14807","0","0","0","0","0","0","0","0","0","0","0","23","32","33","123","58","53","102"
"14897","0","0","0","0","0","17","4","49","22","12","75","136","55","56","136","83","139","80"
"15998","0","0","0","0","0","0","0","0","0","0","17","105","66","48","137","81","70","108"
"16995","0","0","0","0","0","0","0","6","5","51","366","1402","548","366","1017","237","173","231"
"17095","0","0","0","0","0","185","222","168","238","127","159","146","70","129","400","290","277","279"
"17724","0","0","0","0","0","0","0","0","0","0","0","0","0","0","0","0","0","81"
"18081","0","0","0","0","0","0","0","0","0","0","0","0","0","0","0","172","578","641"
"18373","0","0","0","0","0","54","130","76","38","41","140","84","58","28","89","138","206","265"
"18964","0","0","0","0","0","0","0","0","0","0","0","0","0","0","179","329","212","176"
"19464","0","0","0","0","0","0","0","414","747","633","957","1172","985","798","1739","1884","2337","2109"
"19575","0","0","0","0","0","0","69","225","171","348","449","236","100","141","372","290","424","293"
"19789","0","0","0","0","0","0","0","0","0","0","0","0","0","0","0","0","20","166"
"19921","0","0","0","0","0","0","0","0","0","0","0","169","45","85","194","126","118","68"
"20442","0","0","0","0","0","0","94","459","605","594","1075","1325","808","757","1916","1876","2562","2108"
"20492","0","0","0","0","0","0","0","0","0","0","0","0","0","0","80","375","661","666"
"20593","0","0","0","0","0","0","187","254","197","117","243","203","196","191","535","431","426","332"
"21066","0","0","0","0","0","0","0","0","0","0","1","4","3","0","50","60","79","83"
"21162","0","0","0","0","0","0","0","0","3","0","0","0","0","33","82","80","59","89"
"21632","0","0","0","0","0","0","0","0","24","14","29","25","15","24","25","29","523","516"
"21968","0","0","0","0","0","0","41","142","172","84","159","162","108","51","129","71","133","109"
"23301","0","0","0","0","0","0","0","0","0","0","0","0","0","0","15","83","86","63"
"23443","0","0","0","0","0","0","0","27","118","137","193","163","158","50","61","86","51","64"
"23483","0","0","0","0","0","0","0","0","0","0","0","0","0","0","116","73","74","65"
"23502","0","0","0","0","0","0","65","161","145","68","50","94","56","31","75","64","58","66"
"23836","0","0","0","0","0","0","0","0","0","0","0","0","0","0","32","37","73","82"
"24090","0","0","0","0","0","0","0","0","38","81","213","238","75","78","129","158","279","284"
"24668","0","0","0","0","0","0","0","0","0","103","465","320","179","98","190","141","173","134"
"24740","0","0","0","0","0","0","0","0","0","0","0","0","0","24","570","545","666","761"
"25016","0","0","0","0","0","0","0","0","0","0","0","0","0","4","51","77","217","169"
"25635","0","0","0","0","0","0","14","95","90","40","141","209","149","153","336","239","171","176"
"25892","0","0","0","0","0","0","47","71","45","10","12","11","5","11","52","49","85","88"
"27731","0","0","0","0","0","0","0","0","13","44","21","24","18","4","35","36","84","115"
"27964","0","0","0","0","0","0","0","0","0","0","0","0","0","0","0","65","62","64"
"27980","0","0","0","0","0","0","0","0","0","0","0","25","58","164","385","531","874","956"
"27997","0","0","0","0","0","0","0","2","3","0","50","369","265","345","576","508","602","661"
"28948","0","0","0","0","0","0","0","237","335","311","436","491","299","201","419","417","426","500"
"29656","0","0","0","0","0","0","0","22","30","15","56","51","49","84","206","278","242","170"
"31426","0","0","0","0","0","0","0","0","0","0","0","0","0","0","118","201","135","99"
"31831","0","0","0","0","0","0","0","0","0","36","562","753","464","302","961","785","928","906"
"32251","0","0","0","0","0","0","0","0","48","189","337","210","78","40","84","113","86","120"
"33281","0","0","0","0","0","0","0","0","0","0","58","167","174","192","356","221","277","311"
"33439","0","0","0","0","0","0","0","0","0","0","25","234","47","54","147","74","104","83"
"33792","0","0","0","0","0","0","0","0","0","0","0","0","0","0","0","33","9","63"
"35987","0","0","0","0","0","0","0","47","251","457","659","1042","792","555","973","862","1106","1168"
"36030","0","0","0","0","0","0","0","5","99","138","214","394","240","226","405","315","424","343"
"36037","0","0","0","0","0","0","0","6","267","354","527","800","468","257","462","537","698","608"
"36202","0","0","0","0","0","0","0","0","0","0","213","270","179","204","349","347","410","311"
"37073","0","0","0","0","0","0","0","0","0","0","0","0","0","0","0","0","0","356"
"37433","0","0","0","0","0","0","0","1","6","65","93","166","73","89","459","257","291","186"
"37447","0","0","0","0","0","0","0","11","154","121","391","538","315","220","509","521","596","558"
"37480","0","0","0","0","0","0","0","0","0","21","8","7","2","31","176","109","102","178"
"37570","0","0","0","0","0","0","0","0","0","0","0","59","37","35","63","43","82","68"
"38617","0","0","0","0","0","0","0","0","54","86","353","818","331","264","760","741","1019","1138"
"38911","0","0","0","0","0","0","0","0","0","0","0","0","0","0","64","43","109","67"
"39163","0","0","0","0","0","0","0","0","0","52","89","149","75","33","69","25","100","61"
"40805","0","0","0","0","0","0","0","0","108","137","86","96","51","35","331","328","271","255"
"40858","0","0","0","0","0","0","0","0","0","349","795","442","124","141","212","276","265","138"
"40866","0","0","0","0","0","0","0","0","0","0","0","0","0","0","0","0","130","67"
"41290","0","0","0","0","0","0","0","0","0","0","69","81","62","124","267","237","233","207"
"42183","0","0","0","0","0","0","0","0","0","0","0","0","0","0","0","0","209","149"
"42331","0","0","0","0","0","0","0","0","0","0","0","0","0","0","0","0","88","356"
"42902","0","0","0","0","0","0","0","0","0","0","0","0","67","128","291","149","148","122"
"43076","0","0","0","0","0","0","0","0","0","0","0","0","0","0","14","214","314","319"
"43287","0","0","0","0","0","0","0","0","0","0","0","0","0","70","183","103","224","175"
"43351","0","0","0","0","0","0","0","0","0","0","106","190","99","82","224","183","151","93"
"43517","0","0","0","0","0","0","0","0","0","20","163","185","147","74","159","110","92","78"
"44186","0","0","0","0","0","0","0","0","0","7","0","0","0","0","189","350","405","400"
"45427","0","0","0","0","0","0","0","0","1","46","179","305","149","59","125","169","112","90"
"45879","0","0","0","0","0","0","0","0","0","0","0","0","0","0","0","0","45","68"
"46085","0","0","0","0","0","0","0","0","0","0","0","62","273","98","491","298","494","320"
"46325","0","0","0","0","0","0","0","0","0","0","0","0","0","12","108","114","103","94"
"46833","0","0","0","0","0","0","0","0","22","27","33","55","30","5","119","80","82","98"
"47190","0","0","0","0","0","0","0","0","0","0","0","0","0","0","197","322","153","152"
"47743","0","0","0","0","0","0","0","0","0","0","0","0","0","0","0","0","17","136"
"47755","0","0","0","0","0","0","0","0","0","0","115","219","95","63","208","256","252","236"
"47991","0","0","0","0","0","0","0","0","0","0","0","0","0","0","83","202","211","228"
"48416","0","0","0","0","0","0","0","0","0","0","0","0","0","0","0","0","234","664"
"48449","0","0","0","0","0","0","0","0","0","0","0","0","0","0","0","0","12","93"
"48464","0","0","0","0","0","0","0","0","0","0","15","0","18","1","91","93","143","113"
"48964","0","0","0","0","0","0","0","0","0","0","0","0","0","0","0","77","30","124"
"49633","0","0","0","0","0","0","0","0","0","0","0","0","0","0","12","67","73","69"
"49859","0","0","0","0","0","0","0","0","0","0","0","0","0","0","0","210","499","609"
"50694","0","0","0","0","0","0","0","0","0","0","0","0","0","0","0","0","108","191"
"50924","0","0","0","0","0","0","0","0","0","0","0","0","0","0","100","403","629","326"
"51009","0","0","0","0","0","0","0","0","0","0","0","0","0","0","0","0","109","91"
"51049","0","0","0","0","0","0","0","0","0","94","241","283","164","87","224","353","298","277"
"53143","0","0","0","0","0","0","0","0","0","0","0","0","0","0","212","491","370","211"
"53298","0","0","0","0","0","0","0","0","0","0","0","0","0","0","0","0","43","79"
"53849","0","0","0","0","0","0","0","0","0","0","102","229","154","56","156","224","243","248"
"54775","0","0","0","0","0","0","0","0","0","30","78","207","116","100","196","208","190","176"
"55926","0","0","0","0","0","0","0","0","0","0","0","0","0","0","0","307","268","187"
"55962","0","0","0","0","0","0","0","0","0","0","0","0","0","0","0","0","127","76"
"57580","0","0","0","0","0","0","0","0","0","60","621","1372","575","549","1451","1176","1398","1015"
"57612","0","0","0","0","0","0","0","0","0","0","240","230","95","100","143","131","154","200"
"59470","0","0","0","0","0","0","0","0","0","0","0","0","0","0","0","0","0","88"
"60036","0","0","0","0","0","0","0","0","0","0","51","90","71","22","81","61","103","147"
"60141","0","0","0","0","0","0","0","0","0","0","89","210","187","103","332","322","237","219"
"60787","0","0","0","0","0","0","0","0","0","0","21","96","85","30","77","108","90","88"
"62186","0","0","0","0","0","0","0","0","0","0","0","0","0","0","0","0","0","128"
"62454","0","0","0","0","0","0","0","0","0","0","0","0","0","0","0","38","283","135"
"63387","0","0","0","0","0","0","0","0","0","0","116","252","93","33","96","120","156","89"
"65028","0","0","0","0","0","0","0","0","0","0","175","248","97","54","83","77","66","120"
"65595","0","0","0","0","0","0","0","0","0","0","0","0","0","0","0","0","0","67"
"67280","0","0","0","0","0","0","0","0","0","0","15","179","115","61","112","65","97","115"
"67413","0","0","0","0","0","0","0","0","0","0","0","24","405","270","346","236","484","466"
"67417","0","0","0","0","0","0","0","0","0","0","0","0","0","0","0","0","105","131"
"67527","0","0","0","0","0","0","0","0","0","0","98","292","134","86","183","183","153","161"
"67604","0","0","0","0","0","0","0","0","0","0","0","0","0","7","156","151","107","93"
"67902","0","0","0","0","0","0","0","0","0","0","0","84","48","63","133","136","150","105"
"70264","0","0","0","0","0","0","0","0","0","0","0","34","99","61","158","124","206","115"
"71721","0","0","0","0","0","0","0","0","0","0","0","0","0","0","151","290","174","137"
"71811","0","0","0","0","0","0","0","0","0","0","0","0","0","0","204","326","138","104"
"72108","0","0","0","0","0","0","0","0","0","0","0","0","0","0","0","22","103","172"
"72810","0","0","0","0","0","0","0","0","0","0","0","0","0","0","0","0","0","87"
"73198","0","0","0","0","0","0","0","0","0","0","76","149","157","96","157","110","214","152"
"73741","0","0","0","0","0","0","0","0","0","0","5","545","586","233","475","312","449","599"
"74503","0","0","0","0","0","0","0","0","0","0","0","0","0","0","4","92","30","78"
"75130","0","0","0","0","0","0","0","0","0","0","0","216","162","209","366","308","300","226"
"75156","0","0","0","0","0","0","0","0","0","0","0","0","0","0","0","79","120","91"
"75560","0","0","0","0","0","0","0","0","0","0","0","0","57","84","382","177","192","129"
"76818","0","0","0","0","0","0","0","0","0","0","0","0","0","0","0","0","219","218"
"78984","0","0","0","0","0","0","0","0","0","0","0","207","300","67","398","182","217","251"
"80017","0","0","0","0","0","0","0","0","0","0","0","75","60","30","75","78","68","72"
"81255","0","0","0","0","0","0","0","0","0","0","0","57","27","28","95","100","170","132"
"81560","0","0","0","0","0","0","0","0","0","0","0","0","0","0","838","1468","1910","1848"
"81580","0","0","0","0","0","0","0","0","0","0","0","0","0","0","0","221","406","322"
"81860","0","0","0","0","0","0","0","0","0","0","0","0","59","72","147","73","39","85"
"82081","0","0","0","0","0","0","0","0","0","0","0","0","0","0","189","157","105","87"
"82193","0","0","0","0","0","0","0","0","0","0","0","1","2","0","666","744","735","697"
"83947","0","0","0","0","0","0","0","0","0","0","0","0","0","0","82","162","218","144"
"84694","0","0","0","0","0","0","0","0","0","0","0","25","59","22","76","97","86","81"
"85184","0","0","0","0","0","0","0","0","0","0","0","190","207","49","165","49","63","160"
"86021","0","0","0","0","0","0","0","0","0","0","0","0","0","0","54","283","217","156"
"87338","0","0","0","0","0","0","0","0","0","0","0","0","0","0","0","0","0","260"
"87631","0","0","0","0","0","0","0","0","0","0","0","0","0","0","0","0","39","61"
"87983","0","0","0","0","0","0","0","0","0","0","0","0","0","0","0","0","0","137"
"89079","0","0","0","0","0","0","0","0","0","0","0","0","0","0","0","0","27","65"
"89159","0","0","0","0","0","0","0","0","0","0","0","0","0","0","0","0","799","573"
"89655","0","0","0","0","0","0","0","0","0","0","0","27","9","23","75","105","125","130"
"90003","0","0","0","0","0","0","0","0","0","0","0","0","92","39","205","149","202","132"
"91192","0","0","0","0","0","0","0","0","0","0","0","153","165","48","212","190","87","79"
"91274","0","0","0","0","0","0","0","0","0","0","0","4","38","17","146","275","427","383"
"91368","0","0","0","0","0","0","0","0","0","0","0","0","0","0","0","0","131","84"
"92044","0","0","0","0","0","0","0","0","0","0","0","0","0","0","0","61","60","116"
"92104","0","0","0","0","0","0","0","0","0","0","0","0","0","0","13","252","370","194"
"94689","0","0","0","0","0","0","0","0","0","0","0","0","63","77","169","101","79","79"
"95445","0","0","0","0","0","0","0","0","0","0","0","48","104","82","152","152","89","82"
"95948","0","0","0","0","0","0","0","0","0","0","0","41","117","92","162","150","196","233"
"96114","0","0","0","0","0","0","0","0","0","0","0","196","257","117","478","849","1015","851"
"96192","0","0","0","0","0","0","0","0","0","0","0","0","0","0","350","189","138","156"
"96599","0","0","0","0","0","0","0","0","0","0","0","0","0","0","0","0","327","124"
"97065","0","0","0","0","0","0","0","0","0","0","0","0","0","0","0","112","193","104"
"98670","0","0","0","0","0","0","0","0","0","0","0","20","124","88","116","41","61","72"
"98736","0","0","0","0","0","0","0","0","0","0","0","0","4","23","56","62","70","206"
"100521","0","0","0","0","0","0","0","0","0","0","0","57","70","105","264","377","256","205"
"101207","0","0","0","0","0","0","0","0","0","0","0","1","155","92","160","114","131","115"
"102580","0","0","0","0","0","0","0","0","0","0","0","0","130","39","86","58","51","63"
"103120","0","0","0","0","0","0","0","0","0","0","0","0","110","183","460","565","824","581"
"103520","0","0","0","0","0","0","0","0","0","0","0","0","0","0","356","330","249","330"
"104506","0","0","0","0","0","0","0","0","0","0","0","0","0","7","95","87","116","105"
"104873","0","0","0","0","0","0","0","0","0","0","0","0","15","103","314","169","172","104"
"105020","0","0","0","0","0","0","0","0","0","0","0","0","0","0","0","0","29","855"
"105432","0","0","0","0","0","0","0","0","0","0","0","28","92","82","265","224","174","172"
"105643","0","0","0","0","0","0","0","0","0","0","0","0","0","0","0","0","95","113"
"105761","0","0","0","0","0","0","0","0","0","0","0","0","0","0","17","25","33","73"
"106725","0","0","0","0","0","0","0","0","0","0","0","0","12","36","134","102","102","87"
"107035","0","0","0","0","0","0","0","0","0","0","0","0","0","0","0","0","61","64"
"107346","0","0","0","0","0","0","0","0","0","0","0","0","0","13","158","237","270","272"
"107540","0","0","0","0","0","0","0","0","0","0","0","0","0","0","0","0","45","71"
"109034","0","0","0","0","0","0","0","0","0","0","0","0","0","0","0","26","48","81"
"109638","0","0","0","0","0","0","0","0","0","0","0","0","0","0","0","62","246","201"
"109825","0","0","0","0","0","0","0","0","0","0","0","0","9","30","45","54","31","76"
"109899","0","0","0","0","0","0","0","0","0","0","0","0","0","0","0","0","149","133"
"110552","0","0","0","0","0","0","0","0","0","0","0","0","0","35","211","153","192","90"
"111039","0","0","0","0","0","0","0","0","0","0","0","0","0","0","259","110","40","71"
"111493","0","0","0","0","0","0","0","0","0","0","0","0","129","62","224","91","104","80"
"112801","0","0","0","0","0","0","0","0","0","0","0","0","110","28","86","160","58","78"
"113653","0","0","0","0","0","0","0","0","0","0","0","0","34","21","86","109","132","88"
"113868","0","0","0","0","0","0","0","0","0","0","0","0","0","0","0","318","152","62"
"114260","0","0","0","0","0","0","0","0","0","0","0","0","0","0","0","0","128","335"
"116959","0","0","0","0","0","0","0","0","0","0","0","0","0","0","112","73","50","67"
"117712","0","0","0","0","0","0","0","0","0","0","0","0","0","0","0","0","31","83"
"118242","0","0","0","0","0","0","0","0","0","0","0","0","0","0","83","188","127","63"
"119824","0","0","0","0","0","0","0","0","0","0","0","0","0","0","22","58","60","72"
"120601","0","0","0","0","0","0","0","0","0","0","0","0","0","0","4","51","94","75"
"120654","0","0","0","0","0","0","0","0","0","0","0","0","0","0","0","0","118","120"
"120770","0","0","0","0","0","0","0","0","0","0","0","0","0","0","253","614","635","546"
"120952","0","0","0","0","0","0","0","0","0","0","0","0","0","0","92","360","434","278"
"122583","0","0","0","0","0","0","0","0","0","0","0","0","0","0","449","414","295","223"
"123705","0","0","0","0","0","0","0","0","0","0","0","0","0","0","24","90","45","77"
"124016","0","0","0","0","0","0","0","0","0","0","0","0","0","65","443","355","458","423"
"124782","0","0","0","0","0","0","0","0","0","0","0","0","0","0","0","0","0","80"
"124934","0","0","0","0","0","0","0","0","0","0","0","0","0","0","0","0","32","76"
"125114","0","0","0","0","0","0","0","0","0","0","0","0","0","0","0","29","245","124"
"125292","0","0","0","0","0","0","0","0","0","0","0","0","0","0","122","140","121","153"
"125472","0","0","0","0","0","0","0","0","0","0","0","0","0","0","0","0","19","92"
"125732","0","0","0","0","0","0","0","0","0","0","0","0","0","0","0","0","0","176"
"125871","0","0","0","0","0","0","0","0","0","0","0","0","0","0","0","0","119","176"
"126012","0","0","0","0","0","0","0","0","0","0","0","0","0","39","157","68","85","74"
"126268","0","0","0","0","0","0","0","0","0","0","0","0","0","0","187","224","193","204"
"126594","0","0","0","0","0","0","0","0","0","0","0","0","0","0","59","69","103","63"
"127540","0","0","0","0","0","0","0","0","0","0","0","0","0","40","352","197","259","241"
"127849","0","0","0","0","0","0","0","0","0","0","0","0","0","0","0","159","255","209"
"128219","0","0","0","0","0","0","0","0","0","0","0","0","0","0","0","16","114","67"
"128446","0","0","0","0","0","0","0","0","0","0","0","0","0","0","359","273","251","174"
"128620","0","0","0","0","0","0","0","0","0","0","0","0","0","0","95","173","76","80"
"129752","0","0","0","0","0","0","0","0","0","0","0","0","0","0","404","414","555","650"
"130302","0","0","0","0","0","0","0","0","0","0","0","0","0","0","113","168","170","203"
"130525","0","0","0","0","0","0","0","0","0","0","0","0","0","0","0","0","215","317"
"131234","0","0","0","0","0","0","0","0","0","0","0","0","0","174","703","561","490","532"
"131465","0","0","0","0","0","0","0","0","0","0","0","0","0","0","0","0","41","240"
"131877","0","0","0","0","0","0","0","0","0","0","0","0","0","0","225","144","112","107"
"133686","0","0","0","0","0","0","0","0","0","0","0","0","0","0","0","0","75","876"
"133840","0","0","0","0","0","0","0","0","0","0","0","0","0","4","485","508","694","719"
"133867","0","0","0","0","0","0","0","0","0","0","0","0","0","0","0","0","7","98"
"134483","0","0","0","0","0","0","0","0","0","0","0","0","0","0","193","164","170","117"
"134889","0","0","0","0","0","0","0","0","0","0","0","0","0","0","0","48","108","76"
"134977","0","0","0","0","0","0","0","0","0","0","0","0","0","0","0","129","388","495"
"135063","0","0","0","0","0","0","0","0","0","0","0","0","0","0","25","169","133","149"
"135225","0","0","0","0","0","0","0","0","0","0","0","0","0","0","81","272","242","227"
"135529","0","0","0","0","0","0","0","0","0","0","0","0","0","0","114","362","292","230"
"135650","0","0","0","0","0","0","0","0","0","0","0","0","0","0","0","22","27","102"
"135884","0","0","0","0","0","0","0","0","0","0","0","0","0","26","363","340","751","829"
"136082","0","0","0","0","0","0","0","0","0","0","0","0","0","3","162","102","233","187"
"136511","0","0","0","0","0","0","0","0","0","0","0","0","0","0","0","10","187","121"
"136755","0","0","0","0","0","0","0","0","0","0","0","0","0","0","0","148","63","165"
"136788","0","0","0","0","0","0","0","0","0","0","0","0","0","0","2","321","407","428"
"137377","0","0","0","0","0","0","0","0","0","0","0","0","0","0","84","274","197","104"
"137494","0","0","0","0","0","0","0","0","0","0","0","0","0","0","0","0","0","130"
"138259","0","0","0","0","0","0","0","0","0","0","0","0","0","0","52","98","86","79"
"138641","0","0","0","0","0","0","0","0","0","0","0","0","0","0","0","185","181","181"
"138658","0","0","0","0","0","0","0","0","0","0","0","0","0","0","357","346","179","182"
"139056","0","0","0","0","0","0","0","0","0","0","0","0","0","0","261","323","229","245"
"139457","0","0","0","0","0","0","0","0","0","0","0","0","0","0","0","763","744","649"
"140983","0","0","0","0","0","0","0","0","0","0","0","0","0","0","318","331","420","509"
"142596","0","0","0","0","0","0","0","0","0","0","0","0","0","0","0","75","30","87"
"143604","0","0","0","0","0","0","0","0","0","0","0","0","0","0","192","211","228","223"
"143807","0","0","0","0","0","0","0","0","0","0","0","0","0","0","0","0","43","137"
"144001","0","0","0","0","0","0","0","0","0","0","0","0","0","0","0","0","0","111"
"144063","0","0","0","0","0","0","0","0","0","0","0","0","0","0","291","419","423","505"
"144218","0","0","0","0","0","0","0","0","0","0","0","0","0","0","87","213","180","101"
"144536","0","0","0","0","0","0","0","0","0","0","0","0","0","0","120","693","552","553"
"144612","0","0","0","0","0","0","0","0","0","0","0","0","0","0","150","371","417","443"
"145007","0","0","0","0","0","0","0","0","0","0","0","0","0","0","0","195","1243","1267"
"145089","0","0","0","0","0","0","0","0","0","0","0","0","0","0","13","169","98","73"
"145201","0","0","0","0","0","0","0","0","0","0","0","0","0","0","55","458","253","292"
"145393","0","0","0","0","0","0","0","0","0","0","0","0","0","0","0","169","129","61"
"145945","0","0","0","0","0","0","0","0","0","0","0","0","0","0","0","0","62","836"
"145957","0","0","0","0","0","0","0","0","0","0","0","0","0","0","0","0","154","143"
"147706","0","0","0","0","0","0","0","0","0","0","0","0","0","0","111","205","141","81"
"148123","0","0","0","0","0","0","0","0","0","0","0","0","0","0","140","133","113","98"
"148430","0","0","0","0","0","0","0","0","0","0","0","0","0","0","0","89","128","67"
"148961","0","0","0","0","0","0","0","0","0","0","0","0","0","0","0","199","289","190"
"149999","0","0","0","0","0","0","0","0","0","0","0","0","0","0","0","0","145","309"
"150913","0","0","0","0","0","0","0","0","0","0","0","0","0","0","0","56","58","84"
"151829","0","0","0","0","0","0","0","0","0","0","0","0","0","0","0","0","45","66"
"152445","0","0","0","0","0","0","0","0","0","0","0","0","0","0","747","1196","1123","1237"
"152625","0","0","0","0","0","0","0","0","0","0","0","0","0","0","0","45","68","101"
"152655","0","0","0","0","0","0","0","0","0","0","0","0","0","0","0","0","0","71"
"154351","0","0","0","0","0","0","0","0","0","0","0","0","0","0","135","154","100","105"
"155580","0","0","0","0","0","0","0","0","0","0","0","0","0","0","78","176","129","139"
"156140","0","0","0","0","0","0","0","0","0","0","0","0","0","0","0","188","401","228"
"156188","0","0","0","0","0","0","0","0","0","0","0","0","0","0","293","385","202","171"
"156405","0","0","0","0","0","0","0","0","0","0","0","0","0","0","0","270","193","115"
"156605","0","0","0","0","0","0","0","0","0","0","0","0","0","0","91","291","230","214"
"156914","0","0","0","0","0","0","0","0","0","0","0","0","0","0","0","26","172","132"
"157405","0","0","0","0","0","0","0","0","0","0","0","0","0","0","298","258","80","200"
"158275","0","0","0","0","0","0","0","0","0","0","0","0","0","0","0","60","98","107"
"159829","0","0","0","0","0","0","0","0","0","0","0","0","0","0","25","103","91","106"
"160445","0","0","0","0","0","0","0","0","0","0","0","0","0","0","0","213","284","191"
"161787","0","0","0","0","0","0","0","0","0","0","0","0","0","0","0","185","272","269"
"161809","0","0","0","0","0","0","0","0","0","0","0","0","0","0","63","162","199","219"
"162266","0","0","0","0","0","0","0","0","0","0","0","0","0","0","0","0","0","187"
"162870","0","0","0","0","0","0","0","0","0","0","0","0","0","0","0","0","174","267"
"163205","0","0","0","0","0","0","0","0","0","0","0","0","0","0","0","164","212","130"
"164235","0","0","0","0","0","0","0","0","0","0","0","0","0","0","0","17","38","77"
"165574","0","0","0","0","0","0","0","0","0","0","0","0","0","0","0","27","71","134"
"166522","0","0","0","0","0","0","0","0","0","0","0","0","0","0","0","0","328","291"
"166930","0","0","0","0","0","0","0","0","0","0","0","0","0","0","0","0","10","117"
"166964","0","0","0","0","0","0","0","0","0","0","0","0","0","0","0","150","338","295"
"167319","0","0","0","0","0","0","0","0","0","0","0","0","0","0","214","403","226","236"
"168192","0","0","0","0","0","0","0","0","0","0","0","0","0","0","0","0","5","80"
"168335","0","0","0","0","0","0","0","0","0","0","0","0","0","0","0","0","171","80"
"168722","0","0","0","0","0","0","0","0","0","0","0","0","0","0","0","0","95","89"
"169984","0","0","0","0","0","0","0","0","0","0","0","0","0","0","0","0","2","82"
"170109","0","0","0","0","0","0","0","0","0","0","0","0","0","0","0","92","138","173"
"170289","0","0","0","0","0","0","0","0","0","0","0","0","0","0","0","0","39","108"
"170557","0","0","0","0","0","0","0","0","0","0","0","0","0","0","1","67","61","83"
"170878","0","0","0","0","0","0","0","0","0","0","0","0","0","0","0","48","541","476"
"171026","0","0","0","0","0","0","0","0","0","0","0","0","0","0","335","923","787","731"
"172057","0","0","0","0","0","0","0","0","0","0","0","0","0","0","0","42","122","71"
"172282","0","0","0","0","0","0","0","0","0","0","0","0","0","0","0","82","309","199"
"174019","0","0","0","0","0","0","0","0","0","0","0","0","0","0","14","156","100","110"
"174731","0","0","0","0","0","0","0","0","0","0","0","0","0","0","0","0","1","69"
"175581","0","0","0","0","0","0","0","0","0","0","0","0","0","0","0","59","54","99"
"175615","0","0","0","0","0","0","0","0","0","0","0","0","0","0","0","84","88","73"
"177352","0","0","0","0","0","0","0","0","0","0","0","0","0","0","0","0","0","124"
"177475","0","0","0","0","0","0","0","0","0","0","0","0","0","0","2","333","364","351"
"178429","0","0","0","0","0","0","0","0","0","0","0","0","0","0","0","0","0","92"
"179838","0","0","0","0","0","0","0","0","0","0","0","0","0","0","0","0","34","92"
"180416","0","0","0","0","0","0","0","0","0","0","0","0","0","0","71","430","306","144"
"181456","0","0","0","0","0","0","0","0","0","0","0","0","0","0","3","44","134","225"
"181574","0","0","0","0","0","0","0","0","0","0","0","0","0","0","0","0","100","180"
"182079","0","0","0","0","0","0","0","0","0","0","0","0","0","0","0","344","188","67"
"182172","0","0","0","0","0","0","0","0","0","0","0","0","0","0","0","129","132","62"
"182582","0","0","0","0","0","0","0","0","0","0","0","0","0","0","0","0","0","80"
"184689","0","0","0","0","0","0","0","0","0","0","0","0","0","0","0","0","9","99"
"186021","0","0","0","0","0","0","0","0","0","0","0","0","0","0","0","0","211","252"
"186863","0","0","0","0","0","0","0","0","0","0","0","0","0","0","0","0","0","475"
"187167","0","0","0","0","0","0","0","0","0","0","0","0","0","0","0","0","39","61"
"187362","0","0","0","0","0","0","0","0","0","0","0","0","0","0","0","160","145","69"
"189230","0","0","0","0","0","0","0","0","0","0","0","0","0","0","0","0","156","445"
"190140","0","0","0","0","0","0","0","0","0","0","0","0","0","0","0","0","170","200"
"191499","0","0","0","0","0","0","0","0","0","0","0","0","0","0","0","34","133","72"
"192035","0","0","0","0","0","0","0","0","0","0","0","0","0","0","0","249","146","87"
"192811","0","0","0","0","0","0","0","0","0","0","0","0","0","0","0","241","289","383"
"193268","0","0","0","0","0","0","0","0","0","0","0","0","0","0","0","18","41","83"
"193600","0","0","0","0","0","0","0","0","0","0","0","0","0","0","0","0","218","92"
"198633","0","0","0","0","0","0","0","0","0","0","0","0","0","0","0","78","145","78"
"199142","0","0","0","0","0","0","0","0","0","0","0","0","0","0","0","0","64","76"
"202355","0","0","0","0","0","0","0","0","0","0","0","0","0","0","0","0","242","229"
"203302","0","0","0","0","0","0","0","0","0","0","0","0","0","0","0","0","6","164"
"204683","0","0","0","0","0","0","0","0","0","0","0","0","0","0","0","242","114","92"
"204927","0","0","0","0","0","0","0","0","0","0","0","0","0","0","0","60","74","62"
"206262","0","0","0","0","0","0","0","0","0","0","0","0","0","0","0","0","0","83"
"208310","0","0","0","0","0","0","0","0","0","0","0","0","0","0","0","360","186","117"
"209262","0","0","0","0","0","0","0","0","0","0","0","0","0","0","0","0","129","76"
"209430","0","0","0","0","0","0","0","0","0","0","0","0","0","0","0","58","206","282"
"209850","0","0","0","0","0","0","0","0","0","0","0","0","0","0","0","31","109","112"
"209952","0","0","0","0","0","0","0","0","0","0","0","0","0","0","0","97","111","76"
"212386","0","0","0","0","0","0","0","0","0","0","0","0","0","0","0","89","113","83"
"213852","0","0","0","0","0","0","0","0","0","0","0","0","0","0","0","0","102","221"
"218715","0","0","0","0","0","0","0","0","0","0","0","0","0","0","0","119","84","65"
"219681","0","0","0","0","0","0","0","0","0","0","0","0","0","0","0","30","351","95"
"219788","0","0","0","0","0","0","0","0","0","0","0","0","0","0","0","0","92","83"
"219842","0","0","0","0","0","0","0","0","0","0","0","0","0","0","0","0","101","97"
"219877","0","0","0","0","0","0","0","0","0","0","0","0","0","0","0","0","119","177"
"220423","0","0","0","0","0","0","0","0","0","0","0","0","0","0","0","63","22","66"
"221031","0","0","0","0","0","0","0","0","0","0","0","0","0","0","0","9","52","193"
"221267","0","0","0","0","0","0","0","0","0","0","0","0","0","0","0","0","0","98"
"225451","0","0","0","0","0","0","0","0","0","0","0","0","0","0","0","118","269","217"
"226338","0","0","0","0","0","0","0","0","0","0","0","0","0","0","0","0","33","105"
"228563","0","0","0","0","0","0","0","0","0","0","0","0","0","0","0","0","228","362"
"228592","0","0","0","0","0","0","0","0","0","0","0","0","0","0","0","54","95","96"
"236197","0","0","0","0","0","0","0","0","0","0","0","0","0","0","0","0","0","125"
"239476","0","0","0","0","0","0","0","0","0","0","0","0","0","0","0","0","0","72"
"240743","0","0","0","0","0","0","0","0","0","0","0","0","0","0","0","0","76","74"
"242687","0","0","0","0","0","0","0","0","0","0","0","0","0","0","0","0","250","250"
"244157","0","0","0","0","0","0","0","0","0","0","0","0","0","0","0","84","103","227"
"244838","0","0","0","0","0","0","0","0","0","0","0","0","0","0","0","0","72","70"
"245896","0","0","0","0","0","0","0","0","0","0","0","0","0","0","0","172","471","403"
"246537","0","0","0","0","0","0","0","0","0","0","0","0","0","0","0","0","318","323"
"246921","0","0","0","0","0","0","0","0","0","0","0","0","0","0","0","4","160","73"
"248455","0","0","0","0","0","0","0","0","0","0","0","0","0","0","0","0","504","366"
"248838","0","0","0","0","0","0","0","0","0","0","0","0","0","0","0","0","55","90"
"250539","0","0","0","0","0","0","0","0","0","0","0","0","0","0","0","0","75","115"
"250598","0","0","0","0","0","0","0","0","0","0","0","0","0","0","0","27","115","73"
"253151","0","0","0","0","0","0","0","0","0","0","0","0","0","0","0","0","146","126"
"255130","0","0","0","0","0","0","0","0","0","0","0","0","0","0","0","0","71","140"
"255687","0","0","0","0","0","0","0","0","0","0","0","0","0","0","0","0","20","62"
"256007","0","0","0","0","0","0","0","0","0","0","0","0","0","0","0","88","478","407"
"257446","0","0","0","0","0","0","0","0","0","0","0","0","0","0","0","0","101","142"
"260597","0","0","0","0","0","0","0","0","0","0","0","0","0","0","0","0","0","125"
"267585","0","0","0","0","0","0","0","0","0","0","0","0","0","0","0","0","170","456"
"268328","0","0","0","0","0","0","0","0","0","0","0","0","0","0","0","0","77","147"
"269293","0","0","0","0","0","0","0","0","0","0","0","0","0","0","0","0","46","69"
"270065","0","0","0","0","0","0","0","0","0","0","0","0","0","0","0","0","189","151"
"270083","0","0","0","0","0","0","0","0","0","0","0","0","0","0","0","126","676","491"
"271295","0","0","0","0","0","0","0","0","0","0","0","0","0","0","0","0","0","146"
"271773","0","0","0","0","0","0","0","0","0","0","0","0","0","0","0","0","121","70"
"272539","0","0","0","0","0","0","0","0","0","0","0","0","0","0","0","73","599","422"
"273172","0","0","0","0","0","0","0","0","0","0","0","0","0","0","0","0","0","127"
"273794","0","0","0","0","0","0","0","0","0","0","0","0","0","0","0","0","58","96"
"274160","0","0","0","0","0","0","0","0","0","0","0","0","0","0","0","0","228","157"
"276341","0","0","0","0","0","0","0","0","0","0","0","0","0","0","0","0","336","339"
"277627","0","0","0","0","0","0","0","0","0","0","0","0","0","0","0","0","104","128"
"279245","0","0","0","0","0","0","0","0","0","0","0","0","0","0","0","0","4","75"
"280038","0","0","0","0","0","0","0","0","0","0","0","0","0","0","0","0","500","249"
"280827","0","0","0","0","0","0","0","0","0","0","0","0","0","0","0","0","31","80"
"280964","0","0","0","0","0","0","0","0","0","0","0","0","0","0","0","0","140","67"
"281454","0","0","0","0","0","0","0","0","0","0","0","0","0","0","0","0","1175","791"
"282145","0","0","0","0","0","0","0","0","0","0","0","0","0","0","0","0","0","207"
"283684","0","0","0","0","0","0","0","0","0","0","0","0","0","0","0","0","59","73"
"284204","0","0","0","0","0","0","0","0","0","0","0","0","0","0","0","0","68","73"
"284626","0","0","0","0","0","0","0","0","0","0","0","0","0","0","0","0","111","150"
"285004","0","0","0","0","0","0","0","0","0","0","0","0","0","0","0","0","0","328"
"286545","0","0","0","0","0","0","0","0","0","0","0","0","0","0","0","0","0","169"
"286557","0","0","0","0","0","0","0","0","0","0","0","0","0","0","0","0","27","82"
"288045","0","0","0","0","0","0","0","0","0","0","0","0","0","0","0","0","0","76"
"290792","0","0","0","0","0","0","0","0","0","0","0","0","0","0","0","0","0","149"
"293006","0","0","0","0","0","0","0","0","0","0","0","0","0","0","0","0","62","95"
"293623","0","0","0","0","0","0","0","0","0","0","0","0","0","0","0","0","109","74"
"293657","0","0","0","0","0","0","0","0","0","0","0","0","0","0","0","0","103","152"
"294541","0","0","0","0","0","0","0","0","0","0","0","0","0","0","0","0","0","180"
"294662","0","0","0","0","0","0","0","0","0","0","0","0","0","0","0","0","381","472"
"294860","0","0","0","0","0","0","0","0","0","0","0","0","0","0","0","0","30","74"
"296157","0","0","0","0","0","0","0","0","0","0","0","0","0","0","0","0","96","221"
"296583","0","0","0","0","0","0","0","0","0","0","0","0","0","0","0","0","1","234"
"296677","0","0","0","0","0","0","0","0","0","0","0","0","0","0","0","0","54","78"
"297931","0","0","0","0","0","0","0","0","0","0","0","0","0","0","0","0","76","76"
"298050","0","0","0","0","0","0","0","0","0","0","0","0","0","0","0","0","29","87"
"298693","0","0","0","0","0","0","0","0","0","0","0","0","0","0","0","0","38","69"
"298938","0","0","0","0","0","0","0","0","0","0","0","0","0","0","0","0","126","104"
"299109","0","0","0","0","0","0","0","0","0","0","0","0","0","0","0","0","0","66"
"300368","0","0","0","0","0","0","0","0","0","0","0","0","0","0","0","0","98","69"
"300633","0","0","0","0","0","0","0","0","0","0","0","0","0","0","0","0","41","65"
"301636","0","0","0","0","0","0","0","0","0","0","0","0","0","0","0","0","0","129"
"306585","0","0","0","0","0","0","0","0","0","0","0","0","0","0","0","0","127","118"
"306604","0","0","0","0","0","0","0","0","0","0","0","0","0","0","0","0","138","119"
"308194","0","0","0","0","0","0","0","0","0","0","0","0","0","0","0","0","424","505"
"308860","0","0","0","0","0","0","0","0","0","0","0","0","0","0","0","0","135","367"
"309160","0","0","0","0","0","0","0","0","0","0","0","0","0","0","0","0","0","137"
"311048","0","0","0","0","0","0","0","0","0","0","0","0","0","0","0","0","66","86"
"312880","0","0","0","0","0","0","0","0","0","0","0","0","0","0","0","0","21","113"
"314059","0","0","0","0","0","0","0","0","0","0","0","0","0","0","0","0","65","64"
"315582","0","0","0","0","0","0","0","0","0","0","0","0","0","0","0","0","335","341"
"322102","0","0","0","0","0","0","0","0","0","0","0","0","0","0","0","0","0","64"
"322275","0","0","0","0","0","0","0","0","0","0","0","0","0","0","0","0","0","222"
"324304","0","0","0","0","0","0","0","0","0","0","0","0","0","0","0","0","44","66"
"324680","0","0","0","0","0","0","0","0","0","0","0","0","0","0","0","0","205","243"
"325655","0","0","0","0","0","0","0","0","0","0","0","0","0","0","0","0","89","122"
"327911","0","0","0","0","0","0","0","0","0","0","0","0","0","0","0","0","28","122"
"329410","0","0","0","0","0","0","0","0","0","0","0","0","0","0","0","0","64","310"
"330480","0","0","0","0","0","0","0","0","0","0","0","0","0","0","0","0","83","143"
"330757","0","0","0","0","0","0","0","0","0","0","0","0","0","0","0","0","0","73"
"332852","0","0","0","0","0","0","0","0","0","0","0","0","0","0","0","0","0","118"
"333139","0","0","0","0","0","0","0","0","0","0","0","0","0","0","0","0","0","926"
"333514","0","0","0","0","0","0","0","0","0","0","0","0","0","0","0","0","47","83"
"334622","0","0","0","0","0","0","0","0","0","0","0","0","0","0","0","0","0","161"
"335582","0","0","0","0","0","0","0","0","0","0","0","0","0","0","0","0","0","118"
"336305","0","0","0","0","0","0","0","0","0","0","0","0","0","0","0","0","83","127"
"336849","0","0","0","0","0","0","0","0","0","0","0","0","0","0","0","0","0","128"
"338820","0","0","0","0","0","0","0","0","0","0","0","0","0","0","0","0","69","90"
"339474","0","0","0","0","0","0","0","0","0","0","0","0","0","0","0","0","0","98"
"339932","0","0","0","0","0","0","0","0","0","0","0","0","0","0","0","0","47","143"
"340525","0","0","0","0","0","0","0","0","0","0","0","0","0","0","0","0","0","99"
"341005","0","0","0","0","0","0","0","0","0","0","0","0","0","0","0","0","0","87"
"342801","0","0","0","0","0","0","0","0","0","0","0","0","0","0","0","0","40","72"
"349268","0","0","0","0","0","0","0","0","0","0","0","0","0","0","0","0","0","109"
"350663","0","0","0","0","0","0","0","0","0","0","0","0","0","0","0","0","28","68"
"350964","0","0","0","0","0","0","0","0","0","0","0","0","0","0","0","0","41","180"
"352227","0","0","0","0","0","0","0","0","0","0","0","0","0","0","0","0","28","115"
"353722","0","0","0","0","0","0","0","0","0","0","0","0","0","0","0","0","97","138"
"354912","0","0","0","0","0","0","0","0","0","0","0","0","0","0","0","0","11","87"
"356460","0","0","0","0","0","0","0","0","0","0","0","0","0","0","0","0","45","262"
"357863","0","0","0","0","0","0","0","0","0","0","0","0","0","0","0","0","25","88"
"359279","0","0","0","0","0","0","0","0","0","0","0","0","0","0","0","0","35","221"
"360918","0","0","0","0","0","0","0","0","0","0","0","0","0","0","0","0","0","150"
"364063","0","0","0","0","0","0","0","0","0","0","0","0","0","0","0","0","0","128"
"368931","0","0","0","0","0","0","0","0","0","0","0","0","0","0","0","0","15","452"
"370445","0","0","0","0","0","0","0","0","0","0","0","0","0","0","0","0","0","250"
"370632","0","0","0","0","0","0","0","0","0","0","0","0","0","0","0","0","0","72"
"371648","0","0","0","0","0","0","0","0","0","0","0","0","0","0","0","0","0","373"
"374783","0","0","0","0","0","0","0","0","0","0","0","0","0","0","0","0","4","68"
"375328","0","0","0","0","0","0","0","0","0","0","0","0","0","0","0","0","0","88"
"375528","0","0","0","0","0","0","0","0","0","0","0","0","0","0","0","0","0","109"
"379771","0","0","0","0","0","0","0","0","0","0","0","0","0","0","0","0","0","63"
"381307","0","0","0","0","0","0","0","0","0","0","0","0","0","0","0","0","0","884"
"383222","0","0","0","0","0","0","0","0","0","0","0","0","0","0","0","0","0","121"
"383617","0","0","0","0","0","0","0","0","0","0","0","0","0","0","0","0","0","80"
"391541","0","0","0","0","0","0","0","0","0","0","0","0","0","0","0","0","0","104"
"392869","0","0","0","0","0","0","0","0","0","0","0","0","0","0","0","0","0","147"
"397632","0","0","0","0","0","0","0","0","0","0","0","0","0","0","0","0","0","197"
"402411","0","0","0","0","0","0","0","0","0","0","0","0","0","0","0","0","0","69"
"403104","0","0","0","0","0","0","0","0","0","0","0","0","0","0","0","0","0","61"
"404696","0","0","0","0","0","0","0","0","0","0","0","0","0","0","0","0","0","75"
"405641","0","0","0","0","0","0","0","0","0","0","0","0","0","0","0","0","0","63"
"406142","0","0","0","0","0","0","0","0","0","0","0","0","0","0","0","0","0","65"
"408436","0","0","0","0","0","0","0","0","0","0","0","0","0","0","0","0","0","68"
"408496","0","0","0","0","0","0","0","0","0","0","0","0","0","0","0","0","0","67"
"409193","0","0","0","0","0","0","0","0","0","0","0","0","0","0","0","0","0","64"
"414143","0","0","0","0","0","0","0","0","0","0","0","0","0","0","0","0","0","70"
"415058","0","0","0","0","0","0","0","0","0","0","0","0","0","0","0","0","0","91"
"415596","0","0","0","0","0","0","0","0","0","0","0","0","0","0","0","0","0","120"
